condition,case,category,wer,wder,sub,del,ins,ref_words,hyp_words
model_small,CAR0002,CAR,0.1370892018779342,0.1114398422090729,68,51,27,1065,1041
model_small,DER0001,DER,0.1704697986577181,0.0110573600552868,116,43,95,1490,1542
model_small,GAS0007,GAS,0.1320541760722347,0.0175438596491228,63,31,23,886,878
model_small,GEN0001,GEN,0.1066545123062898,0.0135396518375241,32,63,22,1097,1056
model_small,MSK0008,MSK,0.1514084507042253,0.004441154700222,120,69,26,1420,1377
model_small,MSK0013,MSK,0.1304623179227359,0.0087189805499664,91,88,27,1579,1518
model_small,MSK0017,MSK,0.1838888888888888,0.0099564405724953,115,193,23,1800,1630
model_small,MSK0025,MSK,0.1115485564304462,0.013764624913971,78,71,21,1524,1474
model_small,MSK0026,MSK,0.1198224852071005,0.0030792917628945,76,53,33,1352,1332
model_small,MSK0041,MSK,0.132183908045977,0.0027155465037338,88,93,26,1566,1499
model_small,MSK0046,MSK,0.1349840255591054,0.0172562553925798,44,93,32,1252,1191
model_small,RES0012,RES,0.1360381861575179,0.0391566265060241,85,103,97,2095,2089
model_small,RES0021,RES,0.1351351351351351,0.0016625103906899,78,55,37,1258,1240
model_small,RES0025,RES,0.1670313639679066,0.0040160642570281,83,126,20,1371,1265
model_small,RES0030,RES,0.1188870151770657,0.0182608695652173,74,36,31,1186,1181
model_small,RES0047,RES,0.1773718326458456,0.0052666227781435,102,178,21,1697,1540
model_small,RES0051,RES,0.1476923076923077,0.0063897763578274,66,36,42,975,981
model_small,RES0052,RES,0.1926829268292683,0.0197109067017082,72,59,27,820,788
model_small,RES0053,RES,0.1912225705329153,0.0277629471436198,146,41,179,1914,2052
model_small,RES0059,RES,0.2309985096870342,0.0484848484848484,114,22,174,1342,1494
model_small,RES0062,RES,0.1393188854489164,0.0069407367859049,125,65,80,1938,1953
model_small,RES0071,RES,0.1103395061728395,0.0608766233766233,29,64,50,1296,1282
model_small,RES0074,RES,0.1082854799015586,0.0366581415174765,41,46,45,1219,1218
model_small,RES0083,RES,0.1740473738414006,0.0102389078498293,49,92,28,971,907
model_small,RES0098,RES,0.1213592233009708,0.031024531024531,84,56,35,1442,1421
model_small,RES0100,RES,0.1236933797909407,0.0387931034482758,78,98,37,1722,1661
model_small,RES0104,RES,0.1376146788990825,0.0464310464310464,77,83,50,1526,1493
model_small,RES0106,RES,0.1654733492442323,0.0757071547420965,92,55,61,1257,1263
model_small,RES0109,RES,0.1536697247706422,0.0667475728155339,64,48,22,872,846
model_small,RES0118,RES,0.1406727828746177,0.0033975084937712,34,98,6,981,889
model_small,RES0123,RES,0.1551625784369652,0.0127226463104325,59,181,32,1753,1604
model_small,RES0127,RES,0.1449683321604503,0.0112697220135236,72,90,44,1421,1375
model_small,RES0132,RES,0.1286843997124371,0.0047808764940239,31,136,12,1391,1267
model_small,RES0134,RES,0.1280873061458931,0.0050825921219822,37,167,19,1741,1593
model_small,RES0143,RES,0.1679653679653679,0.0049019607843137,48,135,11,1155,1031
model_small,RES0155,RES,0.2016021361815754,0.0186625194401244,80,212,10,1498,1296
model_small,RES0160,RES,0.1210478771454381,0.001926782273603,43,69,22,1107,1060
model_small,RES0163,RES,0.1337907375643224,0.0128440366972477,36,76,44,1166,1134
model_small,RES0173,RES,0.1662571662571662,0.0140350877192982,93,81,29,1221,1169
model_small,RES0207,RES,0.1478260869565217,0.052219321148825,53,39,27,805,793
model_medium,CAR0002,CAR,0.1258215962441314,0.1033464566929133,57,49,28,1065,1044
model_medium,DER0001,DER,0.1322147651006711,0.0092198581560283,84,80,33,1490,1443
model_medium,GAS0007,GAS,0.1218961625282167,0.0117647058823529,39,36,33,886,883
model_medium,GEN0001,GEN,0.1221513217866909,0.0115830115830115,50,61,23,1097,1059
model_medium,MSK0008,MSK,0.1380281690140845,0.0036954915003695,102,67,27,1420,1380
model_medium,MSK0013,MSK,0.1304623179227359,0.0047169811320754,90,95,21,1579,1505
model_medium,MSK0017,MSK,0.1466666666666666,0.0077704722056186,109,127,28,1800,1701
model_medium,MSK0025,MSK,0.1003937007874015,0.0124223602484472,66,75,12,1524,1461
model_medium,MSK0026,MSK,0.1213017751479289,0.0053557765876052,84,45,35,1352,1342
model_medium,MSK0041,MSK,0.1219667943805874,0.0020256583389601,85,85,21,1566,1502
model_medium,MSK0046,MSK,0.1365814696485623,0.0145922746781115,66,87,18,1252,1183
model_medium,RES0012,RES,0.156563245823389,0.0384412848867825,75,196,57,2095,1956
model_medium,RES0021,RES,0.151033386327504,0.0051546391752577,71,94,25,1258,1189
model_medium,RES0025,RES,0.1699489423778264,0.0056588520614389,82,134,17,1371,1254
model_medium,RES0030,RES,0.1129848229342327,0.01040763226366,74,33,27,1186,1180
model_medium,RES0047,RES,0.130819092516205,0.0049566294919454,93,83,46,1697,1660
model_medium,RES0051,RES,0.1384615384615384,0.0043010752688172,64,45,26,975,956
model_medium,RES0052,RES,0.1841463414634146,0.0118110236220472,65,58,28,820,790
model_medium,RES0053,RES,0.199582027168234,0.0281765018607123,142,33,207,1914,2088
model_medium,RES0059,RES,0.1266766020864381,0.0139318885448916,74,50,46,1342,1338
model_medium,RES0062,RES,0.2094943240454076,0.0100210970464135,131,42,233,1938,2129
model_medium,RES0071,RES,0.1103395061728395,0.0556920556920556,25,75,43,1296,1264
model_medium,RES0074,RES,0.1279737489745693,0.0362257792754844,78,32,46,1219,1233
model_medium,RES0083,RES,0.1390319258496395,0.0098901098901098,53,61,21,971,931
model_medium,RES0098,RES,0.1373092926490984,0.0330827067669172,61,112,25,1442,1355
model_medium,RES0100,RES,0.1312427409988385,0.0442643391521197,81,118,27,1722,1631
model_medium,RES0104,RES,0.1349934469200524,0.047853624208304,68,105,33,1526,1454
model_medium,RES0106,RES,0.1662688941925219,0.0682210708117443,74,99,36,1257,1194
model_medium,RES0109,RES,0.1926605504587156,0.0670170827858081,43,111,14,872,775
model_medium,RES0118,RES,0.1253822629969418,0.0033745781777277,29,92,2,981,891
model_medium,RES0123,RES,0.1791215059897319,0.0091443500979751,65,222,27,1753,1558
model_medium,RES0127,RES,0.1140042223786066,0.0140324963072378,54,67,41,1421,1395
model_medium,RES0132,RES,0.1416247304097771,0.0024370430544272,32,160,5,1391,1236
model_medium,RES0134,RES,0.1292360712234348,0.0070739549839228,20,186,19,1741,1574
model_medium,RES0143,RES,0.1619047619047619,0.0107632093933463,41,133,13,1155,1035
model_medium,RES0155,RES,0.2136181575433912,0.0199840127897681,63,247,10,1498,1261
model_medium,RES0160,RES,0.1607949412827461,0.003976143141153,52,101,25,1107,1031
model_medium,RES0163,RES,0.1432246998284734,0.007380073800738,55,82,30,1166,1114
model_medium,RES0173,RES,0.1654381654381654,0.0149122807017543,96,81,25,1221,1165
model_medium,RES0207,RES,0.1515527950310559,0.0468140442132639,45,36,41,805,810
model_largev2,CAR0002,CAR,0.1924882629107981,0.1266794625719769,83,23,99,1065,1141
model_largev2,DER0001,DER,0.1402684563758389,0.0106458481192335,81,81,47,1490,1456
model_largev2,GAS0007,GAS,0.1523702031602709,0.0161662817551963,60,20,55,886,921
model_largev2,GEN0001,GEN,0.1103008204193254,0.0124045801526717,49,49,23,1097,1071
model_largev2,MSK0008,MSK,0.1274647887323943,0.0029154518950437,107,48,26,1420,1398
model_largev2,MSK0013,MSK,0.1196960101329955,0.0059523809523809,90,67,32,1579,1544
model_largev2,MSK0017,MSK,0.1422222222222222,0.0106320141760189,118,107,31,1800,1724
model_largev2,MSK0025,MSK,0.1043307086614173,0.0117079889807162,68,72,19,1524,1471
model_largev2,MSK0026,MSK,0.0887573964497041,0.0046224961479198,34,54,32,1352,1330
model_largev2,MSK0041,MSK,0.1813537675606641,0.0045278137128072,101,20,163,1566,1709
model_largev2,MSK0046,MSK,0.1309904153354632,0.015228426395939,73,70,21,1252,1203
model_largev2,RES0012,RES,0.152744630071599,0.037110341415141,135,74,111,2095,2132
model_largev2,RES0021,RES,0.1422893481717011,0.0042087542087542,83,70,26,1258,1214
model_largev2,RES0025,RES,0.1663019693654266,0.0095389507154213,86,113,29,1371,1287
model_largev2,RES0030,RES,0.1155143338954468,0.0104347826086956,73,36,28,1186,1178
model_largev2,RES0047,RES,0.1649970536240424,0.0044444444444444,114,122,44,1697,1619
model_largev2,RES0051,RES,0.1374358974358974,0.0032119914346895,64,41,29,975,963
model_largev2,RES0052,RES,0.1841463414634146,0.0182291666666666,70,52,29,820,797
model_largev2,RES0053,RES,0.177115987460815,0.0256136606189967,132,40,167,1914,2041
model_largev2,RES0059,RES,0.1251862891207153,0.0131172839506172,76,46,46,1342,1342
model_largev2,RES0062,RES,0.1336429308565531,0.006951871657754,110,68,81,1938,1951
model_largev2,RES0071,RES,0.1273148148148148,0.0578778135048231,60,52,53,1296,1297
model_largev2,RES0074,RES,0.1279737489745693,0.0372250423011844,69,37,50,1219,1232
model_largev2,RES0083,RES,0.1297631307929969,0.0076252723311546,45,53,28,971,946
model_largev2,RES0098,RES,0.1338418862690707,0.0317572335920959,74,25,94,1442,1511
model_largev2,RES0100,RES,0.1347270615563298,0.0398753894080996,80,117,35,1722,1640
model_largev2,RES0104,RES,0.1684141546526867,0.0469483568075117,81,35,141,1526,1632
model_largev2,RES0106,RES,0.1431980906921241,0.0778894472361809,73,63,44,1257,1238
model_largev2,RES0109,RES,0.1571100917431192,0.0658227848101265,40,82,15,872,805
model_largev2,RES0118,RES,0.1253822629969418,0.0056818181818181,18,101,4,981,884
model_largev2,RES0123,RES,0.1563034797490017,0.0109254498714652,52,197,25,1753,1581
model_largev2,RES0127,RES,0.1695988740323715,0.0156806842480399,77,18,146,1421,1549
model_largev2,RES0132,RES,0.1344356578001437,0.0024174053182917,28,150,9,1391,1250
model_largev2,RES0134,RES,0.1177484204480183,0.0025236593059936,27,156,22,1741,1607
model_largev2,RES0143,RES,0.1792207792207792,0.0090361445783132,37,159,11,1155,1007
model_largev2,RES0155,RES,0.1515353805073431,0.0182456140350877,75,73,79,1498,1504
model_largev2,RES0160,RES,0.1364046973803071,0.003883495145631,49,77,25,1107,1055
model_largev2,RES0163,RES,0.1157804459691252,0.0090744101633393,31,64,40,1166,1142
model_largev2,RES0173,RES,0.1597051597051597,0.0112847222222222,94,69,32,1221,1184
model_largev2,RES0207,RES,0.1453416149068323,0.0490066225165562,46,50,21,805,776
compute_fp16,CAR0002,CAR,0.2403755868544601,0.1144749290444654,72,8,176,1065,1233
compute_fp16,DER0001,DER,0.1697986577181208,0.0151933701657458,99,42,112,1490,1560
compute_fp16,GAS0007,GAS,0.1659142212189616,0.0378874856486796,55,15,77,886,948
compute_fp16,GEN0001,GEN,0.1093892433910665,0.0169332079021636,48,34,38,1097,1101
compute_fp16,MSK0008,MSK,0.1950704225352112,0.0172413793103448,122,86,69,1420,1403
compute_fp16,MSK0013,MSK,0.2083597213426219,0.011038961038961,117,39,173,1579,1713
compute_fp16,MSK0017,MSK,0.1916666666666666,0.0360824742268041,164,54,127,1800,1873
compute_fp16,MSK0025,MSK,0.1620734908136483,0.0309139784946236,75,36,136,1524,1624
compute_fp16,MSK0026,MSK,0.2137573964497041,0.0281368821292775,89,37,163,1352,1478
compute_fp16,MSK0041,MSK,0.132183908045977,0.0033602150537634,91,78,38,1566,1526
compute_fp16,MSK0046,MSK,0.1469648562300319,0.0122050447518307,71,23,90,1252,1319
compute_fp16,RES0012,RES,0.1718377088305489,0.0415224913494809,133,72,155,2095,2178
compute_fp16,RES0021,RES,0.2003179650238473,0.0048622366288492,90,24,138,1258,1372
compute_fp16,RES0025,RES,0.2020423048869438,0.0038051750380517,105,57,115,1371,1429
compute_fp16,RES0030,RES,0.1298482293423271,0.0123022847100175,73,48,33,1186,1171
compute_fp16,RES0047,RES,0.1785503830288745,0.0084801043705153,111,164,28,1697,1561
compute_fp16,RES0051,RES,0.2184615384615384,0.0021052631578947,70,25,118,975,1068
compute_fp16,RES0052,RES,0.2182926829268292,0.0203821656050955,88,35,56,820,841
compute_fp16,RES0053,RES,0.2330198537095089,0.0335106382978723,152,34,260,1914,2140
compute_fp16,RES0059,RES,0.1639344262295081,0.0160673297628156,90,35,95,1342,1402
compute_fp16,RES0062,RES,0.2641898864809081,0.0142180094786729,160,39,313,1938,2212
compute_fp16,RES0071,RES,0.1427469135802469,0.0699135899450117,63,23,99,1296,1372
compute_fp16,RES0074,RES,0.3355209187858901,0.0454170107349298,90,8,311,1219,1522
compute_fp16,RES0083,RES,0.2481977342945417,0.0094936708860759,56,23,162,971,1110
compute_fp16,RES0098,RES,0.138002773925104,0.0322812051649928,65,48,86,1442,1480
compute_fp16,RES0100,RES,0.1445993031358885,0.0411694510739856,96,46,107,1722,1783
compute_fp16,RES0104,RES,0.2332896461336828,0.0632069194943446,94,23,239,1526,1742
compute_fp16,RES0106,RES,0.1861575178997613,0.0817813765182186,94,22,118,1257,1353
compute_fp16,RES0109,RES,0.1995412844036697,0.0911242603550295,65,27,82,872,927
compute_fp16,RES0118,RES,0.091743119266055,0.0041972717733473,30,28,32,981,985
compute_fp16,RES0123,RES,0.1574443810610382,0.022867737948084,64,135,77,1753,1695
compute_fp16,RES0127,RES,0.1611541168191414,0.0251617541337167,68,30,131,1421,1522
compute_fp16,RES0132,RES,0.102803738317757,0.0029850746268656,34,51,58,1391,1398
compute_fp16,RES0134,RES,0.1200459506031016,0.0105263157894736,35,126,48,1741,1663
compute_fp16,RES0143,RES,0.1376623376623376,0.005420054200542,38,48,73,1155,1180
compute_fp16,RES0155,RES,0.1802403204272363,0.035494880546075,85,33,152,1498,1617
compute_fp16,RES0160,RES,0.1960252935862692,0.0027803521779425,66,28,123,1107,1202
compute_fp16,RES0163,RES,0.1749571183533447,0.0096745822339489,83,29,92,1166,1229
compute_fp16,RES0173,RES,0.1793611793611793,0.0155306298533218,105,62,52,1221,1211
compute_fp16,RES0207,RES,0.1975155279503105,0.0564102564102564,55,25,79,805,859
baseline,CAR0002,CAR,0.2544600938967136,0.1187084520417853,70,12,189,1065,1242
baseline,DER0001,DER,0.1416107382550335,0.0077030812324929,89,62,60,1490,1488
baseline,GAS0007,GAS,0.146726862302483,0.0151691948658109,56,29,45,886,902
baseline,GEN0001,GEN,0.1340018231540565,0.0226415094339622,50,37,60,1097,1120
baseline,MSK0008,MSK,0.2063380281690141,0.0349344978165938,157,46,90,1420,1464
baseline,MSK0013,MSK,0.2343255224825839,0.0160771704180064,113,24,233,1579,1788
baseline,MSK0017,MSK,0.1727777777777777,0.0309101316542644,112,53,146,1800,1893
baseline,MSK0025,MSK,0.1574803149606299,0.0358090185676392,75,16,149,1524,1657
baseline,MSK0026,MSK,0.2255917159763313,0.0288315629742033,89,34,182,1352,1500
baseline,MSK0041,MSK,0.1602809706257982,0.0026298487836949,100,45,106,1566,1627
baseline,MSK0046,MSK,0.1445686900958466,0.0146341463414634,76,22,83,1252,1313
baseline,RES0012,RES,0.1933174224343675,0.0463054187192118,147,65,193,2095,2223
baseline,RES0021,RES,0.2019077901430842,0.0049140049140049,87,37,130,1258,1351
baseline,RES0025,RES,0.199124726477024,0.0023059185242121,98,70,105,1371,1406
baseline,RES0030,RES,0.1273187183811129,0.0097259062776304,68,55,28,1186,1159
baseline,RES0047,RES,0.1443724219210371,0.0093341630367143,94,90,61,1697,1668
baseline,RES0051,RES,0.2523076923076923,0.0147213459516298,76,24,146,975,1097
baseline,RES0052,RES,0.274390243902439,0.0265151515151515,99,28,98,820,890
baseline,RES0053,RES,0.241901776384535,0.0351063829787234,150,34,279,1914,2159
baseline,RES0059,RES,0.2049180327868852,0.0151515151515151,99,22,154,1342,1474
baseline,RES0062,RES,0.2260061919504644,0.0078043704474505,124,16,298,1938,2220
baseline,RES0071,RES,0.261574074074074,0.07265625,71,16,252,1296,1532
baseline,RES0074,RES,0.2977850697292863,0.0415282392026578,82,15,266,1219,1470
baseline,RES0083,RES,0.2337796086508753,0.0116156282998944,59,24,144,971,1091
baseline,RES0098,RES,0.1407766990291262,0.0309798270893371,68,54,81,1442,1469
baseline,RES0100,RES,0.1922183507549361,0.0494117647058823,100,22,209,1722,1909
baseline,RES0104,RES,0.1782437745740498,0.0546075085324232,80,61,131,1526,1596
baseline,RES0106,RES,0.1511535401750199,0.0791666666666666,78,57,55,1257,1255
baseline,RES0109,RES,0.1582568807339449,0.0835294117647058,55,22,61,872,911
baseline,RES0118,RES,0.0948012232415902,0.0052301255230125,35,25,33,981,989
baseline,RES0123,RES,0.1597261836851112,0.0186915887850467,66,148,66,1753,1671
baseline,RES0127,RES,0.2040816326530612,0.0301075268817204,78,26,186,1421,1581
baseline,RES0132,RES,0.1150251617541337,0.0201192250372578,38,49,73,1391,1415
baseline,RES0134,RES,0.1217690982194141,0.0044191919191919,33,157,22,1741,1606
baseline,RES0143,RES,0.161038961038961,0.0106589147286821,42,123,21,1155,1053
baseline,RES0155,RES,0.1829105473965287,0.0283085633404104,77,85,112,1498,1525
baseline,RES0160,RES,0.1463414634146341,0.0048309178743961,57,72,33,1107,1068
baseline,RES0163,RES,0.2032590051457976,0.0098302055406613,90,47,100,1166,1219
baseline,RES0173,RES,0.1752661752661752,0.0155172413793103,111,61,42,1221,1202
baseline,RES0207,RES,0.1937888198757764,0.0552699228791773,56,27,73,805,851
beam1,CAR0002,CAR,0.1502347417840375,0.1103515625,63,41,56,1065,1080
beam1,DER0001,DER,0.1308724832214765,0.0084269662921348,84,66,45,1490,1469
beam1,GAS0007,GAS,0.1376975169300225,0.0128055878928987,53,27,42,886,901
beam1,GEN0001,GEN,0.1139471285323609,0.0161137440758293,49,42,34,1097,1089
beam1,MSK0008,MSK,0.2204225352112676,0.0305899490167516,118,47,148,1420,1521
beam1,MSK0013,MSK,0.1538948701709943,0.007251153592617,100,62,81,1579,1598
beam1,MSK0017,MSK,0.1894444444444444,0.0194292653309046,127,153,61,1800,1708
beam1,MSK0025,MSK,0.1095800524934383,0.0157103825136612,78,60,29,1524,1493
beam1,MSK0026,MSK,0.1420118343195266,0.0106870229007633,83,42,67,1352,1377
beam1,MSK0041,MSK,0.1673052362707535,0.0019907100199071,104,59,99,1566,1606
beam1,MSK0046,MSK,0.1509584664536741,0.0197424892703862,70,87,32,1252,1197
beam1,RES0012,RES,0.1813842482100238,0.0404538727183029,146,68,166,2095,2193
beam1,RES0021,RES,0.1899841017488076,0.0176026823134953,82,65,92,1258,1285
beam1,RES0025,RES,0.2005835156819839,0.0061443932411674,103,69,103,1371,1405
beam1,RES0030,RES,0.133220910623946,0.0106194690265486,73,56,29,1186,1159
beam1,RES0047,RES,0.1791396582203889,0.0091324200913242,109,164,31,1697,1564
beam1,RES0051,RES,0.1794871794871795,0.0074388947927736,77,34,64,975,1005
beam1,RES0052,RES,0.1926829268292683,0.024547803617571,78,46,34,820,808
beam1,RES0053,RES,0.2089864158829676,0.0316693505099302,143,51,206,1914,2069
beam1,RES0059,RES,0.1497764530551416,0.0138781804163454,89,45,67,1342,1364
beam1,RES0062,RES,0.2125902992776057,0.0094637223974763,136,36,240,1938,2142
beam1,RES0071,RES,0.1959876543209876,0.068825910931174,62,61,131,1296,1366
beam1,RES0074,RES,0.1698113207547169,0.0361041141897565,82,28,97,1219,1288
beam1,RES0083,RES,0.1555097837281153,0.0139484978540772,68,39,44,971,976
beam1,RES0098,RES,0.124133148404993,0.0316409124356144,62,83,34,1442,1393
beam1,RES0100,RES,0.1236933797909407,0.040264423076923,85,58,70,1722,1734
beam1,RES0104,RES,0.1389252948885976,0.0477508650519031,86,81,45,1526,1490
beam1,RES0106,RES,0.1630867143993635,0.070518266779949,80,80,45,1257,1222
beam1,RES0109,RES,0.1330275229357798,0.0714285714285714,59,18,39,872,893
beam1,RES0118,RES,0.128440366972477,0.0067340067340067,26,90,10,981,901
beam1,RES0123,RES,0.1505989731888191,0.0169067000626174,66,156,42,1753,1639
beam1,RES0127,RES,0.1759324419422941,0.014967925873129,83,18,149,1421,1552
beam1,RES0132,RES,0.1078360891445003,0.0037425149700598,31,55,64,1391,1400
beam1,RES0134,RES,0.1303848363009764,0.0031525851197982,41,155,31,1741,1617
beam1,RES0143,RES,0.1367965367965368,0.0063176895306859,42,47,69,1155,1177
beam1,RES0155,RES,0.1942590120160213,0.0228310502283105,79,184,28,1498,1342
beam1,RES0160,RES,0.1553748870822041,0.0058536585365853,56,82,34,1107,1059
beam1,RES0163,RES,0.153516295025729,0.0118289353958143,63,67,49,1166,1148
beam1,RES0173,RES,0.1973791973791973,0.0251954821894005,106,70,65,1221,1216
beam1,RES0207,RES,0.1478260869565217,0.0514511873350923,47,47,25,805,783
beam3,CAR0002,CAR,0.1774647887323943,0.1132623426911907,68,32,89,1065,1122
beam3,DER0001,DER,0.1718120805369127,0.0098176718092566,96,64,96,1490,1522
beam3,GAS0007,GAS,0.1422121896162528,0.0152046783625731,56,31,39,886,894
beam3,GEN0001,GEN,0.1476754785779398,0.0245979186376537,55,40,67,1097,1124
beam3,MSK0008,MSK,0.1619718309859155,0.0117733627667402,107,61,62,1420,1421
beam3,MSK0013,MSK,0.200759974667511,0.0038387715930902,110,16,191,1579,1754
beam3,MSK0017,MSK,0.1777777777777777,0.0272938443670151,122,78,120,1800,1842
beam3,MSK0025,MSK,0.1141732283464567,0.0156143923964697,70,51,53,1524,1526
beam3,MSK0026,MSK,0.1930473372781065,0.0045214770158251,88,25,148,1352,1475
beam3,MSK0041,MSK,0.1379310344827586,0.0033624747814391,93,79,44,1566,1531
beam3,MSK0046,MSK,0.1517571884984025,0.010797342192691,78,48,64,1252,1268
beam3,RES0012,RES,0.190453460620525,0.0424481737413622,152,69,178,2095,2204
beam3,RES0021,RES,0.178060413354531,0.0066390041493775,83,53,88,1258,1293
beam3,RES0025,RES,0.2013129102844639,0.0038051750380517,98,57,121,1371,1435
beam3,RES0030,RES,0.1247892074198988,0.0114035087719298,72,46,30,1186,1170
beam3,RES0047,RES,0.1667648791985857,0.0137844611528822,113,101,69,1697,1665
beam3,RES0051,RES,0.1907692307692307,0.0031612223393045,68,26,92,975,1041
beam3,RES0052,RES,0.2475609756097561,0.0302631578947368,107,60,36,820,796
beam3,RES0053,RES,0.1959247648902821,0.0234666666666666,143,39,193,1914,2068
beam3,RES0059,RES,0.1438152011922503,0.014751552795031,84,54,55,1342,1343
beam3,RES0062,RES,0.1455108359133126,0.0090137857900318,119,52,111,1938,1997
beam3,RES0071,RES,0.2137345679012345,0.0708035003977724,67,39,171,1296,1428
beam3,RES0074,RES,0.2600492206726825,0.0400333611342785,81,20,216,1219,1415
beam3,RES0083,RES,0.1534500514933058,0.0128755364806866,59,39,51,971,983
beam3,RES0098,RES,0.1373092926490984,0.0323741007194244,68,52,78,1442,1468
beam3,RES0100,RES,0.1713124274099884,0.0411764705882352,88,22,185,1722,1885
beam3,RES0104,RES,0.1310615989515072,0.0492371705963938,66,84,50,1526,1492
beam3,RES0106,RES,0.2163882259347653,0.0741646291768541,102,30,140,1257,1367
beam3,RES0109,RES,0.1513761467889908,0.0861466821885913,60,13,59,872,918
beam3,RES0118,RES,0.0988786952089704,0.0042462845010615,32,39,26,981,968
beam3,RES0123,RES,0.127780946948089,0.0168370414912808,57,90,77,1753,1740
beam3,RES0127,RES,0.2061928219563687,0.0293066476054324,82,22,189,1421,1588
beam3,RES0132,RES,0.126527677929547,0.0031746031746031,29,131,16,1391,1276
beam3,RES0134,RES,0.1280873061458931,0.005050505050505,40,157,26,1741,1610
beam3,RES0143,RES,0.1489177489177489,0.0115052732502396,39,112,21,1155,1064
beam3,RES0155,RES,0.192256341789052,0.0356887937187723,75,97,116,1498,1517
beam3,RES0160,RES,0.1887985546522131,0.0037174721189591,65,31,113,1107,1189
beam3,RES0163,RES,0.1792452830188679,0.0096406660823838,85,25,99,1166,1240
beam3,RES0173,RES,0.1834561834561834,0.0146173688736027,103,58,63,1221,1226
beam3,RES0207,RES,0.2037267080745341,0.0745501285347043,58,27,79,805,857
beam8,CAR0002,CAR,0.2497652582159624,0.1145833333333333,69,9,188,1065,1244
beam8,DER0001,DER,0.1523489932885906,0.0119465917076598,85,67,75,1490,1498
beam8,GAS0007,GAS,0.1580135440180587,0.0322209436133486,59,17,64,886,933
beam8,GEN0001,GEN,0.1449407474931631,0.0446927374301676,51,23,85,1097,1159
beam8,MSK0008,MSK,0.2366197183098591,0.0266187050359712,124,30,182,1420,1572
beam8,MSK0013,MSK,0.2020265991133628,0.0044785668586052,109,16,194,1579,1757
beam8,MSK0017,MSK,0.1616666666666666,0.0251572327044025,110,51,130,1800,1879
beam8,MSK0025,MSK,0.1863517060367454,0.0320213475650433,80,25,179,1524,1678
beam8,MSK0026,MSK,0.2034023668639053,0.0244461420932009,84,43,148,1352,1457
beam8,MSK0041,MSK,0.1998722860791826,0.0038634900193174,104,13,196,1566,1749
beam8,MSK0046,MSK,0.1533546325878594,0.0113177041228779,72,15,105,1252,1342
beam8,RES0012,RES,0.1670644391408114,0.0432248664400194,135,36,179,2095,2238
beam8,RES0021,RES,0.2647058823529412,0.0468119451170298,122,19,192,1258,1431
beam8,RES0025,RES,0.1947483588621444,0.0046224961479198,94,73,100,1371,1398
beam8,RES0030,RES,0.1298482293423271,0.0097345132743362,67,56,31,1186,1161
beam8,RES0047,RES,0.1514437242192103,0.0112640801001251,105,99,53,1697,1651
beam8,RES0051,RES,0.161025641025641,0.0106951871657754,77,40,40,975,975
beam8,RES0052,RES,0.2121951219512195,0.0310077519379844,88,46,40,820,814
beam8,RES0053,RES,0.2293625914315569,0.0340606705694518,156,35,248,1914,2127
beam8,RES0059,RES,0.1818181818181818,0.0206106870229007,84,32,128,1342,1438
beam8,RES0062,RES,0.2265221878224974,0.0088311688311688,131,13,295,1938,2220
beam8,RES0071,RES,0.2762345679012346,0.0859621451104101,95,28,235,1296,1503
beam8,RES0074,RES,0.3182936833470057,0.0454921422663358,83,10,295,1219,1504
beam8,RES0083,RES,0.243048403707518,0.0356394129979035,56,17,163,971,1117
beam8,RES0098,RES,0.1386962552011095,0.0314842578710644,57,108,35,1442,1369
beam8,RES0100,RES,0.2015098722415795,0.0620608899297423,91,14,242,1722,1950
beam8,RES0104,RES,0.1730013106159895,0.0533880903490759,80,65,119,1526,1580
beam8,RES0106,RES,0.1996817820206841,0.0800970873786407,96,21,134,1257,1370
beam8,RES0109,RES,0.1777522935779816,0.0952380952380952,55,11,89,872,950
beam8,RES0118,RES,0.1365953109072375,0.007760532150776,35,79,20,981,922
beam8,RES0123,RES,0.1500285225328009,0.0332125603864734,63,97,103,1753,1759
beam8,RES0127,RES,0.1998592540464461,0.0294328786791098,81,28,175,1421,1568
beam8,RES0132,RES,0.0970524802300503,0.0036954915003695,35,38,62,1391,1415
beam8,RES0134,RES,0.1074095347501436,0.0127659574468085,29,96,62,1741,1707
beam8,RES0143,RES,0.1324675324675324,0.0053859964093357,39,41,73,1155,1187
beam8,RES0155,RES,0.1869158878504672,0.032798325191905,86,65,129,1498,1562
beam8,RES0160,RES,0.1635049683830171,0.0057636887608069,55,66,60,1107,1101
beam8,RES0163,RES,0.1843910806174957,0.0096575943810359,89,27,99,1166,1238
beam8,RES0173,RES,0.1736281736281736,0.0146551724137931,103,61,48,1221,1208
beam8,RES0207,RES,0.2857142857142857,0.1111111111111111,90,31,109,805,883
patience_150,CAR0002,CAR,0.2460093896713615,0.1225071225071225,71,12,179,1065,1232
patience_150,DER0001,DER,0.1463087248322147,0.0070372976776917,90,69,59,1490,1480
patience_150,GAS0007,GAS,0.1489841986455982,0.0152224824355971,55,32,45,886,899
patience_150,GEN0001,GEN,0.1504102096627165,0.0293005671077504,53,39,73,1097,1131
patience_150,MSK0008,MSK,0.3056338028169014,0.0567778566359119,135,11,288,1420,1697
patience_150,MSK0013,MSK,0.2558581380620646,0.0189418680600914,116,48,240,1579,1771
patience_150,MSK0017,MSK,0.1683333333333333,0.0379388448471121,109,34,160,1800,1926
patience_150,MSK0025,MSK,0.1679790026246719,0.0145502645502645,81,12,163,1524,1675
patience_150,MSK0026,MSK,0.1782544378698224,0.0083081570996978,80,28,133,1352,1457
patience_150,MSK0041,MSK,0.160919540229885,0.0026298487836949,102,45,105,1566,1626
patience_150,MSK0046,MSK,0.145367412140575,0.0137429264349232,77,15,90,1252,1327
patience_150,RES0012,RES,0.1933174224343675,0.0482926829268292,139,45,221,2095,2271
patience_150,RES0021,RES,0.1860095389507154,0.0139687756778964,84,41,109,1258,1326
patience_150,RES0025,RES,0.199124726477024,0.0023059185242121,98,70,105,1371,1406
patience_150,RES0030,RES,0.1273187183811129,0.0097259062776304,68,55,28,1186,1159
patience_150,RES0047,RES,0.1449616971125515,0.0093052109181141,97,85,64,1697,1676
patience_150,RES0051,RES,0.1753846153846154,0.0053134962805526,77,34,60,975,1001
patience_150,RES0052,RES,0.2804878048780488,0.0390428211586901,89,26,115,820,909
patience_150,RES0053,RES,0.2027168234064786,0.0277481323372465,144,40,204,1914,2078
patience_150,RES0059,RES,0.2123695976154992,0.0211640211640211,102,19,164,1342,1487
patience_150,RES0062,RES,0.2167182662538699,0.0146673651126244,123,29,268,1938,2177
patience_150,RES0071,RES,0.2145061728395061,0.0722702278083267,66,23,189,1296,1462
patience_150,RES0074,RES,0.3264971287940935,0.0395061728395061,87,4,307,1219,1522
patience_150,RES0083,RES,0.2142121524201853,0.011578947368421,55,21,132,971,1082
patience_150,RES0098,RES,0.1407766990291262,0.0309798270893371,68,54,81,1442,1469
patience_150,RES0100,RES,0.1840882694541231,0.0475631238990017,90,19,208,1722,1911
patience_150,RES0104,RES,0.1507208387942332,0.0524137931034482,71,76,83,1526,1533
patience_150,RES0106,RES,0.152744630071599,0.0795360397680198,81,50,61,1257,1268
patience_150,RES0109,RES,0.1743119266055046,0.0843373493975903,54,42,56,872,886
patience_150,RES0118,RES,0.0948012232415902,0.0052301255230125,35,25,33,981,989
patience_150,RES0123,RES,0.1551625784369652,0.0180460485376477,65,146,61,1753,1668
patience_150,RES0127,RES,0.2054890921885995,0.0301075268817204,81,26,185,1421,1580
patience_150,RES0132,RES,0.1121495327102803,0.0045523520485584,38,73,45,1391,1363
patience_150,RES0134,RES,0.1131533601378518,0.0085731781996325,33,108,56,1741,1689
patience_150,RES0143,RES,0.161038961038961,0.0106589147286821,42,123,21,1155,1053
patience_150,RES0155,RES,0.1762349799732977,0.0294530154277699,82,72,110,1498,1536
patience_150,RES0160,RES,0.1445347786811201,0.0048262548262548,56,71,33,1107,1069
patience_150,RES0163,RES,0.2006861063464837,0.0098126672613737,87,45,102,1166,1223
patience_150,RES0173,RES,0.1744471744471744,0.0155172413793103,111,61,41,1221,1201
patience_150,RES0207,RES,0.1937888198757764,0.0552699228791773,56,27,73,805,851
patience_200,CAR0002,CAR,0.2525821596244131,0.1190926275992438,69,7,193,1065,1251
patience_200,DER0001,DER,0.1610738255033557,0.0133614627285513,95,68,77,1490,1499
patience_200,GAS0007,GAS,0.1489841986455982,0.0151691948658109,56,29,47,886,904
patience_200,GEN0001,GEN,0.1476754785779398,0.030188679245283,51,37,74,1097,1134
patience_200,MSK0008,MSK,0.1626760563380281,0.0124269005847953,117,52,62,1420,1430
patience_200,MSK0013,MSK,0.2444585180493983,0.015003261578604,122,46,218,1579,1751
patience_200,MSK0017,MSK,0.1555555555555555,0.0352546166759932,114,13,153,1800,1940
patience_200,MSK0025,MSK,0.2112860892388451,0.0204498977505112,93,57,172,1524,1639
patience_200,MSK0026,MSK,0.2107988165680473,0.0241691842900302,83,28,174,1352,1498
patience_200,MSK0041,MSK,0.1596424010217113,0.0026298487836949,102,45,103,1566,1624
patience_200,MSK0046,MSK,0.1429712460063897,0.0137318255250403,77,14,88,1252,1326
patience_200,RES0012,RES,0.1880668257756563,0.0478749389350268,131,48,215,2095,2262
patience_200,RES0021,RES,0.2042925278219395,0.0049342105263157,86,42,129,1258,1345
patience_200,RES0025,RES,0.199124726477024,0.0023059185242121,98,70,105,1371,1406
patience_200,RES0030,RES,0.1273187183811129,0.0097259062776304,68,55,28,1186,1159
patience_200,RES0047,RES,0.1538008249852681,0.0086794792312461,109,84,68,1697,1681
patience_200,RES0051,RES,0.2287179487179487,0.0052631578947368,77,25,121,975,1071
patience_200,RES0052,RES,0.2365853658536585,0.0216010165184243,87,33,74,820,861
patience_200,RES0053,RES,0.2110762800417973,0.0287846481876332,148,38,218,1914,2094
patience_200,RES0059,RES,0.1721311475409836,0.0151757188498402,86,90,55,1342,1307
patience_200,RES0062,RES,0.2528379772961816,0.0156168662155127,134,17,339,1938,2260
patience_200,RES0071,RES,0.2222222222222222,0.0706436420722135,72,22,194,1296,1468
patience_200,RES0074,RES,0.3289581624282198,0.0395061728395061,89,4,308,1219,1523
patience_200,RES0083,RES,0.2080329557157569,0.0115667718191377,56,20,126,971,1077
patience_200,RES0098,RES,0.1393897364771151,0.0302593659942363,67,54,80,1442,1468
patience_200,RES0100,RES,0.1881533101045296,0.0476190476190476,93,21,210,1722,1911
patience_200,RES0104,RES,0.1494102228047182,0.0524137931034482,72,76,80,1526,1530
patience_200,RES0106,RES,0.1774065234685759,0.0798045602605863,88,29,106,1257,1334
patience_200,RES0109,RES,0.1788990825688073,0.0856453558504222,53,43,60,872,889
patience_200,RES0118,RES,0.0948012232415902,0.0052301255230125,35,25,33,981,989
patience_200,RES0123,RES,0.1483171705647461,0.0185528756957328,58,136,66,1753,1683
patience_200,RES0127,RES,0.1998592540464461,0.0293276108726752,81,23,180,1421,1578
patience_200,RES0132,RES,0.115744069015097,0.0045523520485584,40,73,48,1391,1366
patience_200,RES0134,RES,0.1240666283744974,0.0031505986137366,33,154,29,1741,1616
patience_200,RES0143,RES,0.1523809523809524,0.010556621880998,41,113,22,1155,1064
patience_200,RES0155,RES,0.1755674232309746,0.0294943820224719,78,74,111,1498,1535
patience_200,RES0160,RES,0.1598915989159891,0.0047938638542665,56,64,57,1107,1100
patience_200,RES0163,RES,0.1998284734133791,0.0097864768683274,91,42,100,1166,1224
patience_200,RES0173,RES,0.1646191646191646,0.0137103684661525,105,54,42,1221,1209
patience_200,RES0207,RES,0.168944099378882,0.055627425614489,50,32,54,805,827
length_pen_080,CAR0002,CAR,0.2582159624413145,0.1177587844254511,69,12,194,1065,1247
length_pen_080,DER0001,DER,0.1637583892617449,0.0076388888888888,96,50,98,1490,1538
length_pen_080,GAS0007,GAS,0.1444695259593679,0.0151691948658109,57,29,42,886,899
length_pen_080,GEN0001,GEN,0.1513217866909753,0.032015065913371,53,35,78,1097,1140
length_pen_080,MSK0008,MSK,0.1915492957746478,0.013788098693759,111,42,119,1420,1497
length_pen_080,MSK0013,MSK,0.226725775807473,0.0121794871794871,106,19,233,1579,1793
length_pen_080,MSK0017,MSK,0.1711111111111111,0.0309101316542644,108,53,147,1800,1894
length_pen_080,MSK0025,MSK,0.1725721784776903,0.020297699594046,78,46,139,1524,1617
length_pen_080,MSK0026,MSK,0.1982248520710059,0.0052830188679245,91,27,150,1352,1475
length_pen_080,MSK0041,MSK,0.1577266922094508,0.0026298487836949,98,45,104,1566,1625
length_pen_080,MSK0046,MSK,0.145367412140575,0.014657980456026,75,24,83,1252,1311
length_pen_080,RES0012,RES,0.1780429594272076,0.0423770092547491,142,42,189,2095,2242
length_pen_080,RES0021,RES,0.2019077901430842,0.0049140049140049,86,37,131,1258,1352
length_pen_080,RES0025,RES,0.199124726477024,0.0023059185242121,98,70,105,1371,1406
length_pen_080,RES0030,RES,0.1273187183811129,0.0097259062776304,68,55,28,1186,1159
length_pen_080,RES0047,RES,0.1585150265173836,0.0335570469798657,102,58,109,1697,1748
length_pen_080,RES0051,RES,0.1497435897435897,0.0063897763578274,67,36,43,975,982
length_pen_080,RES0052,RES,0.2560975609756097,0.0188442211055276,91,24,95,820,891
length_pen_080,RES0053,RES,0.241901776384535,0.0351063829787234,154,34,275,1914,2155
length_pen_080,RES0059,RES,0.2116244411326378,0.0181818181818181,102,22,160,1342,1480
length_pen_080,RES0062,RES,0.2249742002063983,0.0078043704474505,123,16,297,1938,2219
length_pen_080,RES0071,RES,0.2677469135802469,0.0768025078369906,74,20,253,1296,1529
length_pen_080,RES0074,RES,0.3314191960623462,0.0469135802469135,89,4,311,1219,1526
length_pen_080,RES0083,RES,0.2306900102986611,0.0116279069767441,59,25,140,971,1086
length_pen_080,RES0098,RES,0.1407766990291262,0.0309798270893371,68,54,81,1442,1469
length_pen_080,RES0100,RES,0.1927990708478513,0.0494117647058823,99,22,211,1722,1911
length_pen_080,RES0104,RES,0.22870249017038,0.0719520319786808,109,25,215,1526,1716
length_pen_080,RES0106,RES,0.1774065234685759,0.079416531604538,94,23,106,1257,1340
length_pen_080,RES0109,RES,0.1788990825688073,0.0865384615384615,56,40,60,872,892
length_pen_080,RES0118,RES,0.0948012232415902,0.0052301255230125,35,25,33,981,989
length_pen_080,RES0123,RES,0.1540216771249287,0.0186219739292365,58,142,70,1753,1681
length_pen_080,RES0127,RES,0.2040816326530612,0.0301075268817204,78,26,186,1421,1581
length_pen_080,RES0132,RES,0.1042415528396836,0.0022271714922048,43,44,58,1391,1405
length_pen_080,RES0134,RES,0.1217690982194141,0.0044191919191919,33,157,22,1741,1606
length_pen_080,RES0143,RES,0.161038961038961,0.0106589147286821,42,123,21,1155,1053
length_pen_080,RES0155,RES,0.1929238985313751,0.035589672016748,77,65,147,1498,1580
length_pen_080,RES0160,RES,0.1571815718157181,0.0047984644913627,55,65,54,1107,1096
length_pen_080,RES0163,RES,0.1903945111492281,0.0088105726872246,86,31,105,1166,1240
length_pen_080,RES0173,RES,0.1752661752661752,0.0155172413793103,111,61,42,1221,1202
length_pen_080,RES0207,RES,0.1937888198757764,0.0552699228791773,56,27,73,805,851
length_pen_120,CAR0002,CAR,0.2572769953051643,0.1195445920303605,73,11,190,1065,1244
length_pen_120,DER0001,DER,0.1704697986577181,0.0174337517433751,99,56,99,1490,1533
length_pen_120,GAS0007,GAS,0.1489841986455982,0.0151691948658109,57,29,46,886,903
length_pen_120,GEN0001,GEN,0.1494986326344576,0.0338664158043273,52,34,78,1097,1141
length_pen_120,MSK0008,MSK,0.1964788732394366,0.0152949745083758,114,47,118,1420,1491
length_pen_120,MSK0013,MSK,0.2355921469284357,0.018554062699936,108,16,248,1579,1811
length_pen_120,MSK0017,MSK,0.1605555555555555,0.0358744394618834,103,16,170,1800,1954
length_pen_120,MSK0025,MSK,0.1627296587926509,0.0193591455273698,78,26,144,1524,1642
length_pen_120,MSK0026,MSK,0.2071005917159763,0.0316027088036117,101,23,156,1352,1485
length_pen_120,MSK0041,MSK,0.2056194125159642,0.0045219638242894,110,18,194,1566,1742
length_pen_120,MSK0046,MSK,0.1477635782747604,0.0145513338722716,79,15,91,1252,1328
length_pen_120,RES0012,RES,0.1995226730310262,0.05078125,134,47,237,2095,2285
length_pen_120,RES0021,RES,0.2066772655007949,0.0073831009023789,89,39,132,1258,1351
length_pen_120,RES0025,RES,0.199124726477024,0.0023059185242121,98,70,105,1371,1406
length_pen_120,RES0030,RES,0.1290050590219224,0.0097173144876325,67,54,32,1186,1164
length_pen_120,RES0047,RES,0.1355332940483205,0.0122399020807833,92,63,75,1697,1709
length_pen_120,RES0051,RES,0.1579487179487179,0.0043010752688172,71,45,38,975,968
length_pen_120,RES0052,RES,0.2939024390243902,0.0314465408805031,112,25,104,820,899
length_pen_120,RES0053,RES,0.2324973876698014,0.0347407803313735,148,43,254,1914,2125
length_pen_120,RES0059,RES,0.2146050670640834,0.019652305366591,103,19,166,1342,1489
length_pen_120,RES0062,RES,0.2260061919504644,0.0078043704474505,124,16,298,1938,2220
length_pen_120,RES0071,RES,0.257716049382716,0.0750586395621579,73,17,244,1296,1523
length_pen_120,RES0074,RES,0.2830188679245283,0.0406301824212272,91,13,241,1219,1447
length_pen_120,RES0083,RES,0.2337796086508753,0.0116156282998944,59,24,144,971,1091
length_pen_120,RES0098,RES,0.1407766990291262,0.0309798270893371,68,54,81,1442,1469
length_pen_120,RES0100,RES,0.1817653890824622,0.0475631238990017,95,19,199,1722,1902
length_pen_120,RES0104,RES,0.1972477064220183,0.0525252525252525,89,41,171,1526,1656
length_pen_120,RES0106,RES,0.1439936356404136,0.0780082987551867,73,52,56,1257,1261
length_pen_120,RES0109,RES,0.1594036697247706,0.0837264150943396,55,24,60,872,908
length_pen_120,RES0118,RES,0.0948012232415902,0.0052301255230125,35,25,33,981,989
length_pen_120,RES0123,RES,0.1563034797490017,0.0185988840669559,61,140,73,1753,1686
length_pen_120,RES0127,RES,0.2040816326530612,0.0301075268817204,79,26,185,1421,1580
length_pen_120,RES0132,RES,0.1401869158878504,0.0230591852421214,39,90,66,1391,1367
length_pen_120,RES0134,RES,0.1062607696726019,0.0024257125530624,35,92,58,1741,1707
length_pen_120,RES0143,RES,0.1471861471861472,0.0105162523900573,40,109,21,1155,1067
length_pen_120,RES0155,RES,0.1775700934579439,0.0288732394366197,76,78,112,1498,1532
length_pen_120,RES0160,RES,0.1589882565492321,0.0048076923076923,53,67,56,1107,1096
length_pen_120,RES0163,RES,0.1818181818181818,0.0070052539404553,87,24,101,1166,1243
length_pen_120,RES0173,RES,0.1744471744471744,0.0155172413793103,111,61,41,1221,1201
length_pen_120,RES0207,RES,0.1937888198757764,0.0552699228791773,56,27,73,805,851
rep_penalty_110,CAR0002,CAR,0.2253521126760563,0.1246431969552806,75,14,151,1065,1202
rep_penalty_110,DER0001,DER,0.1751677852348993,0.0179558011049723,108,42,111,1490,1559
rep_penalty_110,GAS0007,GAS,0.1501128668171557,0.0152582159624413,54,34,45,886,897
rep_penalty_110,GEN0001,GEN,0.1194165907019143,0.0225352112676056,52,32,47,1097,1112
rep_penalty_110,MSK0008,MSK,0.2802816901408451,0.0517363571934798,135,9,254,1420,1665
rep_penalty_110,MSK0013,MSK,0.2115262824572514,0.0128783000643915,109,26,199,1579,1752
rep_penalty_110,MSK0017,MSK,0.1561111111111111,0.0359955005624297,107,22,152,1800,1930
rep_penalty_110,MSK0025,MSK,0.1699475065616797,0.0165562913907284,85,14,160,1524,1670
rep_penalty_110,MSK0026,MSK,0.1937869822485207,0.0137090632140137,86,39,137,1352,1450
rep_penalty_110,MSK0041,MSK,0.1992337164750957,0.0025789813023855,109,15,188,1566,1739
rep_penalty_110,MSK0046,MSK,0.1493610223642172,0.0161550888529886,78,14,95,1252,1333
rep_penalty_110,RES0012,RES,0.1933174224343675,0.0423645320197044,153,65,187,2095,2217
rep_penalty_110,RES0021,RES,0.1828298887122416,0.0082440230832646,83,45,102,1258,1315
rep_penalty_110,RES0025,RES,0.2078774617067833,0.0129672006102212,108,60,117,1371,1428
rep_penalty_110,RES0030,RES,0.1290050590219224,0.0124223602484472,64,59,30,1186,1157
rep_penalty_110,RES0047,RES,0.1384796700058927,0.0087336244541484,92,94,49,1697,1652
rep_penalty_110,RES0051,RES,0.1528205128205128,0.0053821313240043,71,46,32,975,961
rep_penalty_110,RES0052,RES,0.2,0.0223978919631093,69,61,34,820,793
rep_penalty_110,RES0053,RES,0.2293625914315569,0.0275715800636267,149,28,262,1914,2148
rep_penalty_110,RES0059,RES,0.2399403874813711,0.0165413533834586,107,12,203,1342,1533
rep_penalty_110,RES0062,RES,0.2208462332301341,0.0088403536141445,130,15,283,1938,2206
rep_penalty_110,RES0071,RES,0.1875,0.068308181096108,71,37,135,1296,1394
rep_penalty_110,RES0074,RES,0.1780147662018047,0.0383973288814691,73,21,123,1219,1321
rep_penalty_110,RES0083,RES,0.2296601441812564,0.0116279069767441,61,25,137,971,1083
rep_penalty_110,RES0098,RES,0.1317614424410541,0.0326167531504818,65,93,32,1442,1381
rep_penalty_110,RES0100,RES,0.1318234610917537,0.0411547911547911,80,94,53,1722,1681
rep_penalty_110,RES0104,RES,0.1874180865006553,0.0478759271746459,84,43,159,1526,1642
rep_penalty_110,RES0106,RES,0.1869530628480509,0.0797041906327033,89,40,106,1257,1323
rep_penalty_110,RES0109,RES,0.1892201834862385,0.079345088161209,53,78,34,872,828
rep_penalty_110,RES0118,RES,0.1264016309887869,0.0033370411568409,33,82,9,981,908
rep_penalty_110,RES0123,RES,0.1557330290929834,0.0288582183186951,61,159,53,1753,1647
rep_penalty_110,RES0127,RES,0.1907107670654468,0.0165586753059755,74,32,165,1421,1554
rep_penalty_110,RES0132,RES,0.1258087706685837,0.0023904382470119,28,136,11,1391,1266
rep_penalty_110,RES0134,RES,0.109132682366456,0.0031036623215394,29,130,31,1741,1642
rep_penalty_110,RES0143,RES,0.1402597402597402,0.0085066162570888,40,97,25,1155,1083
rep_penalty_110,RES0155,RES,0.198931909212283,0.0237003058103975,80,190,28,1498,1336
rep_penalty_110,RES0160,RES,0.1815718157181571,0.0065055762081784,67,31,103,1107,1179
rep_penalty_110,RES0163,RES,0.1475128644939965,0.0108991825613079,60,65,47,1166,1148
rep_penalty_110,RES0173,RES,0.1818181818181818,0.0146425495262704,106,60,56,1221,1217
rep_penalty_110,RES0207,RES,0.1701863354037267,0.0487483530961791,37,46,54,805,813
no_repeat_3,CAR0002,CAR,0.2591549295774648,0.1170313986679353,73,14,189,1065,1240
no_repeat_3,DER0001,DER,0.1845637583892617,0.0104094378903539,104,49,122,1490,1563
no_repeat_3,GAS0007,GAS,0.1523702031602709,0.0152224824355971,61,32,42,886,896
no_repeat_3,GEN0001,GEN,0.1303555150410209,0.0149953139643861,60,30,53,1097,1120
no_repeat_3,MSK0008,MSK,0.328169014084507,0.0404709345106696,164,61,241,1420,1600
no_repeat_3,MSK0013,MSK,0.2058264724509183,0.0083547557840616,123,23,179,1579,1735
no_repeat_3,MSK0017,MSK,0.1488888888888888,0.0196188340807174,121,16,131,1800,1915
no_repeat_3,MSK0025,MSK,0.1824146981627296,0.0178571428571428,95,12,171,1524,1683
no_repeat_3,MSK0026,MSK,0.1523668639053254,0.0078369905956112,85,76,45,1352,1321
no_repeat_3,MSK0041,MSK,0.1500638569604087,0.0040458530006743,114,83,38,1566,1521
no_repeat_3,MSK0046,MSK,0.1541533546325878,0.0146460537021969,81,23,89,1252,1318
no_repeat_3,RES0012,RES,0.1918854415274463,0.0420127015144113,160,48,194,2095,2241
no_repeat_3,RES0021,RES,0.1613672496025437,0.008467400508044,88,77,38,1258,1219
no_repeat_3,RES0025,RES,0.2166301969365426,0.0054012345679012,105,75,117,1371,1413
no_repeat_3,RES0030,RES,0.1922428330522765,0.0094017094017094,90,16,122,1186,1292
no_repeat_3,RES0047,RES,0.1573364761343547,0.0104744300677757,116,74,77,1697,1700
no_repeat_3,RES0051,RES,0.2266666666666666,0.0077262693156732,98,69,54,975,960
no_repeat_3,RES0052,RES,0.2292682926829268,0.0277044854881266,80,62,46,820,804
no_repeat_3,RES0053,RES,0.2100313479623824,0.0282817502668089,168,40,194,1914,2068
no_repeat_3,RES0059,RES,0.1408345752608047,0.0169622205088666,84,45,60,1342,1357
no_repeat_3,RES0062,RES,0.2368421052631578,0.0094240837696335,144,28,287,1938,2197
no_repeat_3,RES0071,RES,0.2484567901234567,0.0656763096168882,78,17,227,1296,1506
no_repeat_3,RES0074,RES,0.3502871205906481,0.0472245236122618,104,12,311,1219,1518
no_repeat_3,RES0083,RES,0.1585993820803295,0.0117395944503735,64,34,56,971,993
no_repeat_3,RES0098,RES,0.1511789181692094,0.0331890331890331,82,56,80,1442,1466
no_repeat_3,RES0100,RES,0.1765389082462253,0.0417647058823529,100,22,182,1722,1882
no_repeat_3,RES0104,RES,0.2352555701179554,0.0616302186878727,98,17,244,1526,1753
no_repeat_3,RES0106,RES,0.2012728719172633,0.0794809407948094,109,24,120,1257,1353
no_repeat_3,RES0109,RES,0.1949541284403669,0.0961313012895662,63,19,88,872,941
no_repeat_3,RES0118,RES,0.0927624872579001,0.0072992700729927,35,22,34,981,993
no_repeat_3,RES0123,RES,0.1448944666286366,0.0169082125603864,69,97,88,1753,1744
no_repeat_3,RES0127,RES,0.2019704433497537,0.0186915887850467,85,30,172,1421,1563
no_repeat_3,RES0132,RES,0.102803738317757,0.003723008190618,34,48,61,1391,1404
no_repeat_3,RES0134,RES,0.1987363584147042,0.0062578222778473,143,143,60,1741,1658
no_repeat_3,RES0143,RES,0.1428571428571428,0.0054102795311091,46,46,73,1155,1182
no_repeat_3,RES0155,RES,0.1775700934579439,0.0214830214830214,81,55,130,1498,1573
no_repeat_3,RES0160,RES,0.2077687443541102,0.0055865921787709,78,33,119,1107,1193
no_repeat_3,RES0163,RES,0.2075471698113207,0.0096491228070175,105,26,111,1166,1251
no_repeat_3,RES0173,RES,0.1801801801801801,0.0129757785467128,113,65,42,1221,1198
no_repeat_3,RES0207,RES,0.2186335403726708,0.0586701434159061,62,38,76,805,843
nospeech_040,CAR0002,CAR,0.2591549295774648,0.1184834123222748,70,10,196,1065,1251
nospeech_040,DER0001,DER,0.1416107382550335,0.0077030812324929,89,62,60,1490,1488
nospeech_040,GAS0007,GAS,0.1478555304740406,0.0151691948658109,57,29,45,886,902
nospeech_040,GEN0001,GEN,0.1467639015496809,0.0329566854990583,51,35,75,1097,1137
nospeech_040,MSK0008,MSK,0.2119718309859155,0.0283224400871459,117,43,141,1420,1518
nospeech_040,MSK0013,MSK,0.2526915769474351,0.0269058295964125,152,18,229,1579,1790
nospeech_040,MSK0017,MSK,0.1611111111111111,0.0274285714285714,112,50,128,1800,1878
nospeech_040,MSK0025,MSK,0.1673228346456693,0.0145502645502645,81,12,162,1524,1674
nospeech_040,MSK0026,MSK,0.2071005917159763,0.0045317220543806,89,28,163,1352,1487
nospeech_040,MSK0041,MSK,0.1621966794380587,0.0026315789473684,103,46,105,1566,1625
nospeech_040,MSK0046,MSK,0.145367412140575,0.0146460537021969,77,23,82,1252,1311
nospeech_040,RES0012,RES,0.1957040572792363,0.0478048780487804,146,45,219,2095,2269
nospeech_040,RES0021,RES,0.2058823529411764,0.0057330057330057,89,37,133,1258,1354
nospeech_040,RES0025,RES,0.199124726477024,0.0023059185242121,98,70,105,1371,1406
nospeech_040,RES0030,RES,0.1273187183811129,0.0097259062776304,68,55,28,1186,1159
nospeech_040,RES0047,RES,0.1426045963464938,0.0092936802973977,97,83,62,1697,1676
nospeech_040,RES0051,RES,0.2338461538461538,0.0089385474860335,91,80,57,975,952
nospeech_040,RES0052,RES,0.2902439024390243,0.0382653061224489,106,36,96,820,880
nospeech_040,RES0053,RES,0.2335423197492163,0.0351437699680511,148,36,263,1914,2141
nospeech_040,RES0059,RES,0.1423248882265275,0.0138355111452728,84,41,66,1342,1367
nospeech_040,RES0062,RES,0.2260061919504644,0.0078043704474505,124,16,298,1938,2220
nospeech_040,RES0071,RES,0.2692901234567901,0.0784313725490196,69,21,259,1296,1534
nospeech_040,RES0074,RES,0.3338802296964725,0.0461285008237232,90,5,312,1219,1526
nospeech_040,RES0083,RES,0.2348094747682801,0.013727560718057,60,24,144,971,1091
nospeech_040,RES0098,RES,0.1407766990291262,0.0309798270893371,68,54,81,1442,1469
nospeech_040,RES0100,RES,0.1347270615563298,0.0401197604790419,83,52,97,1722,1767
nospeech_040,RES0104,RES,0.1513761467889908,0.0518672199170124,76,80,75,1526,1521
nospeech_040,RES0106,RES,0.1702466189339697,0.0789902280130293,85,29,100,1257,1328
nospeech_040,RES0109,RES,0.1777522935779816,0.0864345738295318,54,39,62,872,895
nospeech_040,RES0118,RES,0.0948012232415902,0.0052301255230125,35,25,33,981,989
nospeech_040,RES0123,RES,0.1545921277809469,0.0191831683168316,61,137,73,1753,1689
nospeech_040,RES0127,RES,0.2019704433497537,0.0301075268817204,78,26,183,1421,1578
nospeech_040,RES0132,RES,0.113587347232207,0.0201342281879194,36,50,72,1391,1413
nospeech_040,RES0134,RES,0.1217690982194141,0.0044191919191919,33,157,22,1741,1606
nospeech_040,RES0143,RES,0.161038961038961,0.0106589147286821,42,123,21,1155,1053
nospeech_040,RES0155,RES,0.1795727636849132,0.0288935870331219,76,79,114,1498,1533
nospeech_040,RES0160,RES,0.1436314363143631,0.004840271055179,54,74,31,1107,1064
nospeech_040,RES0163,RES,0.1886792452830188,0.007908611599297,88,28,104,1166,1242
nospeech_040,RES0173,RES,0.1752661752661752,0.0155172413793103,111,61,42,1221,1202
nospeech_040,RES0207,RES,0.1937888198757764,0.0552699228791773,56,27,73,805,851
nospeech_075,CAR0002,CAR,0.2553990610328638,0.1187084520417853,70,12,190,1065,1243
nospeech_075,DER0001,DER,0.1416107382550335,0.0077030812324929,89,62,60,1490,1488
nospeech_075,GAS0007,GAS,0.1478555304740406,0.0151691948658109,56,29,46,886,903
nospeech_075,GEN0001,GEN,0.1513217866909753,0.032015065913371,53,35,78,1097,1140
nospeech_075,MSK0008,MSK,0.1795774647887324,0.0183418928833455,115,57,83,1420,1446
nospeech_075,MSK0013,MSK,0.2343255224825839,0.0161812297734627,106,34,230,1579,1775
nospeech_075,MSK0017,MSK,0.1766666666666666,0.0383514596451059,116,53,149,1800,1896
nospeech_075,MSK0025,MSK,0.1646981627296588,0.0167560321715817,79,32,140,1524,1632
nospeech_075,MSK0026,MSK,0.246301775147929,0.0369253956292388,88,25,220,1352,1547
nospeech_075,MSK0041,MSK,0.1602809706257982,0.0032894736842105,101,46,104,1566,1624
nospeech_075,MSK0046,MSK,0.1461661341853035,0.0146460537021969,77,23,83,1252,1312
nospeech_075,RES0012,RES,0.19236276849642,0.0482926829268292,138,45,220,2095,2270
nospeech_075,RES0021,RES,0.2042925278219395,0.0073831009023789,87,39,131,1258,1350
nospeech_075,RES0025,RES,0.199124726477024,0.0023059185242121,98,70,105,1371,1406
nospeech_075,RES0030,RES,0.1273187183811129,0.0097259062776304,68,55,28,1186,1159
nospeech_075,RES0047,RES,0.1714790807307012,0.0358688930117501,97,80,114,1697,1731
nospeech_075,RES0051,RES,0.1938461538461538,0.0085106382978723,84,35,70,975,1010
nospeech_075,RES0052,RES,0.2573170731707317,0.0188679245283018,93,25,93,820,888
nospeech_075,RES0053,RES,0.2309299895506792,0.0346297282898241,149,37,256,1914,2133
nospeech_075,RES0059,RES,0.1758569299552906,0.0160183066361556,97,31,108,1342,1419
nospeech_075,RES0062,RES,0.2260061919504644,0.0078043704474505,124,16,298,1938,2220
nospeech_075,RES0071,RES,0.2445987654320987,0.0758998435054773,72,18,227,1296,1505
nospeech_075,RES0074,RES,0.3018867924528302,0.0414937759336099,88,14,266,1219,1471
nospeech_075,RES0083,RES,0.1730175077239958,0.0127659574468085,64,31,73,971,1013
nospeech_075,RES0098,RES,0.1407766990291262,0.0309798270893371,68,54,81,1442,1469
nospeech_075,RES0100,RES,0.1887340301974448,0.0481786133960047,94,20,211,1722,1913
nospeech_075,RES0104,RES,0.1494102228047182,0.0524137931034482,72,76,80,1526,1530
nospeech_075,RES0106,RES,0.1766109785202864,0.079416531604538,93,23,106,1257,1340
nospeech_075,RES0109,RES,0.1754587155963302,0.0875299760191846,56,38,59,872,893
nospeech_075,RES0118,RES,0.0948012232415902,0.0052301255230125,35,25,33,981,989
nospeech_075,RES0123,RES,0.1551625784369652,0.0191713048855906,65,136,71,1753,1688
nospeech_075,RES0127,RES,0.203377902885292,0.0301075268817204,78,26,185,1421,1580
nospeech_075,RES0132,RES,0.1488138030194105,0.0290742157612853,59,84,64,1391,1371
nospeech_075,RES0134,RES,0.1217690982194141,0.0044191919191919,33,157,22,1741,1606
nospeech_075,RES0143,RES,0.161038961038961,0.0106589147286821,42,123,21,1155,1053
nospeech_075,RES0155,RES,0.1889185580774365,0.0349002849002849,72,94,117,1498,1521
nospeech_075,RES0160,RES,0.1580849141824751,0.0047709923664122,57,59,59,1107,1107
nospeech_075,RES0163,RES,0.1878216123499142,0.0096916299559471,89,31,99,1166,1234
nospeech_075,RES0173,RES,0.1752661752661752,0.0155172413793103,111,61,42,1221,1202
nospeech_075,RES0207,RES,0.1937888198757764,0.0552699228791773,56,27,73,805,851
nospeech_090,CAR0002,CAR,0.2553990610328638,0.1185958254269449,71,11,190,1065,1244
nospeech_090,DER0001,DER,0.1416107382550335,0.0077030812324929,89,62,60,1490,1488
nospeech_090,GAS0007,GAS,0.146726862302483,0.0151691948658109,56,29,45,886,902
nospeech_090,GEN0001,GEN,0.1504102096627165,0.0302171860245514,51,38,76,1097,1135
nospeech_090,MSK0008,MSK,0.2176056338028169,0.022463768115942,116,40,153,1420,1533
nospeech_090,MSK0013,MSK,0.2108929702343255,0.009009009009009,102,25,206,1579,1760
nospeech_090,MSK0017,MSK,0.1588888888888888,0.027872582480091,112,42,132,1800,1890
nospeech_090,MSK0025,MSK,0.1883202099737533,0.03841059602649,78,14,195,1524,1705
nospeech_090,MSK0026,MSK,0.2248520710059171,0.0430513595166163,92,28,184,1352,1508
nospeech_090,MSK0041,MSK,0.1590038314176245,0.0026298487836949,98,45,106,1566,1627
nospeech_090,MSK0046,MSK,0.145367412140575,0.0146460537021969,76,23,83,1252,1312
nospeech_090,RES0012,RES,0.1794749403341289,0.0423357664233576,140,40,196,2095,2251
nospeech_090,RES0021,RES,0.2003179650238473,0.0057330057330057,87,37,128,1258,1349
nospeech_090,RES0025,RES,0.199124726477024,0.0023059185242121,98,70,105,1371,1406
nospeech_090,RES0030,RES,0.1273187183811129,0.0097259062776304,68,55,28,1186,1159
nospeech_090,RES0047,RES,0.1414260459634649,0.0092879256965944,95,82,63,1697,1678
nospeech_090,RES0051,RES,0.1989743589743589,0.0085106382978723,83,35,76,975,1016
nospeech_090,RES0052,RES,0.2792682926829268,0.0314861460957178,100,26,103,820,897
nospeech_090,RES0053,RES,0.2304075235109718,0.0346666666666666,150,39,252,1914,2127
nospeech_090,RES0059,RES,0.2146050670640834,0.0219364599092284,103,20,165,1342,1487
nospeech_090,RES0062,RES,0.2260061919504644,0.0078043704474505,124,16,298,1938,2220
nospeech_090,RES0071,RES,0.2731481481481481,0.0738993710691823,69,24,261,1296,1533
nospeech_090,RES0074,RES,0.298605414273995,0.0406639004149377,87,14,263,1219,1468
nospeech_090,RES0083,RES,0.2358393408856848,0.013727560718057,60,24,145,971,1092
nospeech_090,RES0098,RES,0.1407766990291262,0.0309798270893371,68,54,81,1442,1469
nospeech_090,RES0100,RES,0.1927990708478513,0.0494408475573866,97,23,212,1722,1911
nospeech_090,RES0104,RES,0.173656618610747,0.0548696844993141,74,68,123,1526,1581
nospeech_090,RES0106,RES,0.1519490851233094,0.0792326939115929,78,58,55,1257,1254
nospeech_090,RES0109,RES,0.1605504587155963,0.0836277974087161,55,23,62,872,911
nospeech_090,RES0118,RES,0.0948012232415902,0.0052301255230125,35,25,33,981,989
nospeech_090,RES0123,RES,0.1523103251568739,0.0179455445544554,60,137,70,1753,1686
nospeech_090,RES0127,RES,0.1921182266009852,0.0178062678062678,76,17,180,1421,1584
nospeech_090,RES0132,RES,0.1063982746225736,0.002220577350111,51,40,57,1391,1408
nospeech_090,RES0134,RES,0.1217690982194141,0.0044191919191919,33,157,22,1741,1606
nospeech_090,RES0143,RES,0.161038961038961,0.0106589147286821,42,123,21,1155,1053
nospeech_090,RES0155,RES,0.1809078771695594,0.0297029702970297,77,84,110,1498,1524
nospeech_090,RES0160,RES,0.1418247515808491,0.005819592628516,48,76,33,1107,1064
nospeech_090,RES0163,RES,0.1912521440823327,0.0097173144876325,90,34,99,1166,1231
nospeech_090,RES0173,RES,0.1752661752661752,0.0155172413793103,111,61,42,1221,1202
nospeech_090,RES0207,RES,0.1937888198757764,0.0552699228791773,56,27,73,805,851
logprob_-05,CAR0002,CAR,0.2535211267605634,0.1176470588235294,70,11,189,1065,1243
logprob_-05,DER0001,DER,0.1416107382550335,0.0077030812324929,89,62,60,1490,1488
logprob_-05,GAS0007,GAS,0.1489841986455982,0.0151691948658109,58,29,45,886,902
logprob_-05,GEN0001,GEN,0.1485870556061987,0.0302171860245514,51,38,74,1097,1133
logprob_-05,MSK0008,MSK,0.2577464788732394,0.0322118826055833,132,23,211,1420,1608
logprob_-05,MSK0013,MSK,0.2127929069031032,0.0103092783505154,102,27,207,1579,1759
logprob_-05,MSK0017,MSK,0.1722222222222222,0.0308747855917667,112,51,147,1800,1896
logprob_-05,MSK0025,MSK,0.1830708661417323,0.03841059602649,78,14,187,1524,1697
logprob_-05,MSK0026,MSK,0.1908284023668639,0.0052870090634441,89,28,141,1352,1465
logprob_-05,MSK0041,MSK,0.160919540229885,0.0026298487836949,103,45,104,1566,1625
logprob_-05,MSK0046,MSK,0.1477635782747604,0.0146460537021969,76,23,86,1252,1315
logprob_-05,RES0012,RES,0.19236276849642,0.0482926829268292,138,45,220,2095,2270
logprob_-05,RES0021,RES,0.2019077901430842,0.0049140049140049,87,37,130,1258,1351
logprob_-05,RES0025,RES,0.199124726477024,0.0023059185242121,98,70,105,1371,1406
logprob_-05,RES0030,RES,0.1273187183811129,0.0097259062776304,68,55,28,1186,1159
logprob_-05,RES0047,RES,0.1290512669416617,0.0110226576852418,92,64,63,1697,1696
logprob_-05,RES0051,RES,0.2276923076923077,0.0031512605042016,75,23,124,975,1076
logprob_-05,RES0052,RES,0.2390243902439024,0.0242656449553001,86,37,73,820,856
logprob_-05,RES0053,RES,0.2293625914315569,0.0346112886048988,150,36,253,1914,2131
logprob_-05,RES0059,RES,0.2160953800298062,0.0204236006051437,100,20,170,1342,1492
logprob_-05,RES0062,RES,0.2260061919504644,0.0078043704474505,124,16,298,1938,2220
logprob_-05,RES0071,RES,0.261574074074074,0.072599531615925,72,15,252,1296,1533
logprob_-05,RES0074,RES,0.3338802296964725,0.0461285008237232,90,5,312,1219,1526
logprob_-05,RES0083,RES,0.2358393408856848,0.0116279069767441,61,25,143,971,1089
logprob_-05,RES0098,RES,0.1407766990291262,0.0309798270893371,68,54,81,1442,1469
logprob_-05,RES0100,RES,0.1927990708478513,0.0494408475573866,97,23,212,1722,1911
logprob_-05,RES0104,RES,0.1507208387942332,0.0517241379310344,74,76,80,1526,1530
logprob_-05,RES0106,RES,0.1766109785202864,0.0787337662337662,90,25,107,1257,1339
logprob_-05,RES0109,RES,0.1777522935779816,0.0864345738295318,54,39,62,872,895
logprob_-05,RES0118,RES,0.0948012232415902,0.0052301255230125,35,25,33,981,989
logprob_-05,RES0123,RES,0.1488876212207644,0.0179566563467492,59,138,64,1753,1679
logprob_-05,RES0127,RES,0.2047853624208304,0.0301075268817204,79,26,186,1421,1581
logprob_-05,RES0132,RES,0.1143062544931703,0.0201192250372578,35,49,75,1391,1417
logprob_-05,RES0134,RES,0.1217690982194141,0.0044191919191919,33,157,22,1741,1606
logprob_-05,RES0143,RES,0.161038961038961,0.0106589147286821,42,123,21,1155,1053
logprob_-05,RES0155,RES,0.1815754339118825,0.0304532577903682,77,86,109,1498,1521
logprob_-05,RES0160,RES,0.1418247515808491,0.0048216007714561,55,70,32,1107,1069
logprob_-05,RES0163,RES,0.1869639794168096,0.0096830985915492,89,30,99,1166,1235
logprob_-05,RES0173,RES,0.1752661752661752,0.0155172413793103,111,61,42,1221,1202
logprob_-05,RES0207,RES,0.1937888198757764,0.0552699228791773,56,27,73,805,851
logprob_-15,CAR0002,CAR,0.2535211267605634,0.1187084520417853,70,12,188,1065,1241
logprob_-15,DER0001,DER,0.1416107382550335,0.0077030812324929,89,62,60,1490,1488
logprob_-15,GAS0007,GAS,0.1478555304740406,0.0151691948658109,56,29,46,886,903
logprob_-15,GEN0001,GEN,0.1148587055606198,0.0132450331125827,49,40,37,1097,1094
logprob_-15,MSK0008,MSK,0.2767605633802817,0.0400285918513223,122,21,250,1420,1649
logprob_-15,MSK0013,MSK,0.2590246991766941,0.0239948119325551,138,37,234,1579,1776
logprob_-15,MSK0017,MSK,0.1727777777777777,0.0206124852767962,116,102,93,1800,1791
logprob_-15,MSK0025,MSK,0.1640419947506561,0.0167448091091761,76,31,143,1524,1636
logprob_-15,MSK0026,MSK,0.2122781065088757,0.0296127562642369,88,35,164,1352,1481
logprob_-15,MSK0041,MSK,0.1564495530012771,0.0026195153896529,99,39,107,1566,1634
logprob_-15,MSK0046,MSK,0.1469648562300319,0.0146460537021969,78,23,83,1252,1312
logprob_-15,RES0012,RES,0.1780429594272076,0.0423770092547491,142,42,189,2095,2242
logprob_-15,RES0021,RES,0.2003179650238473,0.0049140049140049,88,37,127,1258,1348
logprob_-15,RES0025,RES,0.199124726477024,0.0023059185242121,98,70,105,1371,1406
logprob_-15,RES0030,RES,0.1273187183811129,0.0097259062776304,68,55,28,1186,1159
logprob_-15,RES0047,RES,0.1426045963464938,0.0092994420334779,95,84,63,1697,1676
logprob_-15,RES0051,RES,0.1928205128205128,0.0085106382978723,83,35,70,975,1010
logprob_-15,RES0052,RES,0.2439024390243902,0.0203045685279187,90,32,78,820,866
logprob_-15,RES0053,RES,0.2366771159874608,0.0351063829787234,149,34,270,1914,2150
logprob_-15,RES0059,RES,0.2108792846497764,0.0211960635881907,102,21,160,1342,1481
logprob_-15,RES0062,RES,0.2260061919504644,0.0078043704474505,124,16,298,1938,2220
logprob_-15,RES0071,RES,0.2600308641975308,0.072156862745098,69,21,247,1296,1522
logprob_-15,RES0074,RES,0.2961443806398687,0.0406976744186046,85,15,261,1219,1465
logprob_-15,RES0083,RES,0.2317198764160659,0.0126849894291754,59,25,141,971,1087
logprob_-15,RES0098,RES,0.1407766990291262,0.0309798270893371,68,54,81,1442,1469
logprob_-15,RES0100,RES,0.1829268292682926,0.0494408475573866,93,23,199,1722,1898
logprob_-15,RES0104,RES,0.1480996068152031,0.0517241379310344,72,76,78,1526,1528
logprob_-15,RES0106,RES,0.1766109785202864,0.0787337662337662,91,25,106,1257,1338
logprob_-15,RES0109,RES,0.1788990825688073,0.0876350540216086,54,39,63,872,896
logprob_-15,RES0118,RES,0.0948012232415902,0.0052301255230125,35,25,33,981,989
logprob_-15,RES0123,RES,0.1528807758128922,0.0185643564356435,59,137,72,1753,1688
logprob_-15,RES0127,RES,0.203377902885292,0.0301075268817204,78,26,185,1421,1580
logprob_-15,RES0132,RES,0.1207764198418404,0.0092449922958397,36,93,39,1391,1337
logprob_-15,RES0134,RES,0.1217690982194141,0.0044191919191919,33,157,22,1741,1606
logprob_-15,RES0143,RES,0.161038961038961,0.0106589147286821,42,123,21,1155,1053
logprob_-15,RES0155,RES,0.1748998664886515,0.0295774647887323,75,78,109,1498,1529
logprob_-15,RES0160,RES,0.1445347786811201,0.004840271055179,55,74,31,1107,1064
logprob_-15,RES0163,RES,0.1912521440823327,0.0096830985915492,92,30,101,1166,1237
logprob_-15,RES0173,RES,0.1752661752661752,0.0155172413793103,111,61,42,1221,1202
logprob_-15,RES0207,RES,0.1937888198757764,0.0552699228791773,56,27,73,805,851
compression_20,CAR0002,CAR,0.260093896713615,0.125,70,9,198,1065,1254
compression_20,DER0001,DER,0.1416107382550335,0.0077030812324929,89,62,60,1490,1488
compression_20,GAS0007,GAS,0.1478555304740406,0.0151691948658109,56,29,46,886,903
compression_20,GEN0001,GEN,0.1494986326344576,0.0319849482596425,52,34,78,1097,1141
compression_20,MSK0008,MSK,0.1985915492957746,0.020573108008817,142,59,81,1420,1442
compression_20,MSK0013,MSK,0.2235592146928435,0.0128452151573538,104,22,227,1579,1784
compression_20,MSK0017,MSK,0.1755555555555555,0.0336182336182336,113,45,158,1800,1913
compression_20,MSK0025,MSK,0.1811023622047244,0.0185799601857996,80,17,179,1524,1686
compression_20,MSK0026,MSK,0.246301775147929,0.040121120363361,83,31,219,1352,1540
compression_20,MSK0041,MSK,0.1615581098339719,0.0032894736842105,103,46,104,1566,1624
compression_20,MSK0046,MSK,0.1437699680511182,0.0138211382113821,77,22,81,1252,1311
compression_20,RES0012,RES,0.1937947494033413,0.0489955903968642,131,54,221,2095,2262
compression_20,RES0021,RES,0.1995230524642289,0.0057330057330057,86,37,128,1258,1349
compression_20,RES0025,RES,0.199124726477024,0.0023059185242121,98,70,105,1371,1406
compression_20,RES0030,RES,0.1273187183811129,0.0097259062776304,68,55,28,1186,1159
compression_20,RES0047,RES,0.1767825574543311,0.0161917098445595,100,153,47,1697,1591
compression_20,RES0051,RES,0.1815384615384615,0.0031779661016949,67,31,79,975,1023
compression_20,RES0052,RES,0.2439024390243902,0.0294117647058823,86,38,76,820,858
compression_20,RES0053,RES,0.2168234064785789,0.0291622481442205,144,28,243,1914,2129
compression_20,RES0059,RES,0.1482861400894188,0.0154798761609907,82,50,67,1342,1359
compression_20,RES0062,RES,0.2342621259029927,0.0131027253668763,126,30,298,1938,2206
compression_20,RES0071,RES,0.1412037037037037,0.0653386454183267,61,41,81,1296,1336
compression_20,RES0074,RES,0.2502050861361772,0.0406301824212272,82,13,210,1219,1416
compression_20,RES0083,RES,0.2337796086508753,0.0105708245243128,60,25,142,971,1088
compression_20,RES0098,RES,0.1407766990291262,0.0309798270893371,68,54,81,1442,1469
compression_20,RES0100,RES,0.1887340301974448,0.0470311581422692,91,21,213,1722,1914
compression_20,RES0104,RES,0.1500655307994757,0.0524499654934437,72,77,80,1526,1529
compression_20,RES0106,RES,0.1893396976929196,0.0806188925081433,90,29,119,1257,1347
compression_20,RES0109,RES,0.146788990825688,0.0839160839160839,54,14,60,872,918
compression_20,RES0118,RES,0.0948012232415902,0.0052301255230125,35,25,33,981,989
compression_20,RES0123,RES,0.1534512264689104,0.0185643564356435,60,137,72,1753,1688
compression_20,RES0127,RES,0.2040816326530612,0.0301075268817204,78,26,186,1421,1581
compression_20,RES0132,RES,0.0999281092739036,0.0037037037037037,41,41,57,1391,1407
compression_20,RES0134,RES,0.1005169442848937,0.0036474164133738,31,96,48,1741,1693
compression_20,RES0143,RES,0.1523809523809524,0.010556621880998,41,113,22,1155,1064
compression_20,RES0155,RES,0.178237650200267,0.0288732394366197,76,78,113,1498,1533
compression_20,RES0160,RES,0.1400180668473351,0.0048169556840077,54,69,32,1107,1070
compression_20,RES0163,RES,0.1903945111492281,0.0097087378640776,90,33,99,1166,1232
compression_20,RES0173,RES,0.1752661752661752,0.0155172413793103,111,61,42,1221,1202
compression_20,RES0207,RES,0.2062111801242236,0.0745501285347043,55,27,84,805,862
compression_30,CAR0002,CAR,0.2563380281690141,0.1187084520417853,70,12,191,1065,1244
compression_30,DER0001,DER,0.1416107382550335,0.0077030812324929,89,62,60,1490,1488
compression_30,GAS0007,GAS,0.1478555304740406,0.0151691948658109,56,29,46,886,903
compression_30,GEN0001,GEN,0.1093892433910665,0.0132075471698113,48,37,35,1097,1095
compression_30,MSK0008,MSK,0.1922535211267605,0.0161883738042678,107,61,105,1420,1464
compression_30,MSK0013,MSK,0.2260924635845471,0.0166346769033909,112,16,229,1579,1792
compression_30,MSK0017,MSK,0.1711111111111111,0.0297482837528604,112,52,144,1800,1892
compression_30,MSK0025,MSK,0.1679790026246719,0.0145502645502645,81,12,163,1524,1675
compression_30,MSK0026,MSK,0.173076923076923,0.0093530787217459,93,69,72,1352,1355
compression_30,MSK0041,MSK,0.1615581098339719,0.0032873109796186,100,45,108,1566,1629
compression_30,MSK0046,MSK,0.1477635782747604,0.0137540453074433,77,16,92,1252,1328
compression_30,RES0012,RES,0.1871121718377088,0.0442126179831097,147,82,163,2095,2176
compression_30,RES0021,RES,0.2019077901430842,0.0049140049140049,87,37,130,1258,1351
compression_30,RES0025,RES,0.199124726477024,0.0023059185242121,98,70,105,1371,1406
compression_30,RES0030,RES,0.1273187183811129,0.0097259062776304,68,55,28,1186,1159
compression_30,RES0047,RES,0.1538008249852681,0.032376298106292,93,60,108,1697,1745
compression_30,RES0051,RES,0.1517948717948718,0.0042780748663101,72,40,36,975,971
compression_30,RES0052,RES,0.2219512195121951,0.0205391527599486,87,41,54,820,833
compression_30,RES0053,RES,0.2037617554858934,0.0297713981924508,149,33,208,1914,2089
compression_30,RES0059,RES,0.2160953800298062,0.0204081632653061,101,19,170,1342,1493
compression_30,RES0062,RES,0.2260061919504644,0.0078043704474505,124,16,298,1938,2220
compression_30,RES0071,RES,0.2600308641975308,0.071931196247068,73,17,247,1296,1526
compression_30,RES0074,RES,0.3338802296964725,0.0461665292662819,91,6,310,1219,1523
compression_30,RES0083,RES,0.2368692070030896,0.0105708245243128,59,25,146,971,1092
compression_30,RES0098,RES,0.1407766990291262,0.0309798270893371,68,54,81,1442,1469
compression_30,RES0100,RES,0.1399535423925667,0.0395446375074895,86,53,102,1722,1771
compression_30,RES0104,RES,0.1474442988204456,0.0524137931034482,71,76,78,1526,1528
compression_30,RES0106,RES,0.1789976133651551,0.0788617886178861,93,27,105,1257,1335
compression_30,RES0109,RES,0.1777522935779816,0.0850299401197604,55,37,63,872,898
compression_30,RES0118,RES,0.0948012232415902,0.0052301255230125,35,25,33,981,989
compression_30,RES0123,RES,0.1545921277809469,0.0180012414649286,60,142,69,1753,1680
compression_30,RES0127,RES,0.1843771991555242,0.0170697012802275,79,15,168,1421,1574
compression_30,RES0132,RES,0.1121495327102803,0.0029917726252804,45,54,57,1391,1394
compression_30,RES0134,RES,0.1217690982194141,0.0044191919191919,33,157,22,1741,1606
compression_30,RES0143,RES,0.161038961038961,0.0106589147286821,42,123,21,1155,1053
compression_30,RES0155,RES,0.1975967957276368,0.0270462633451957,72,93,131,1498,1536
compression_30,RES0160,RES,0.1427280939476061,0.003875968992248,49,75,34,1107,1066
compression_30,RES0163,RES,0.192967409948542,0.0096660808435852,90,28,107,1166,1245
compression_30,RES0173,RES,0.1752661752661752,0.0155172413793103,111,61,42,1221,1202
compression_30,RES0207,RES,0.1937888198757764,0.0552699228791773,56,27,73,805,851
cond_prev_off,CAR0002,CAR,0.2328638497652582,0.1245210727969348,62,21,165,1065,1209
cond_prev_off,DER0001,DER,0.1697986577181208,0.0303867403314917,86,42,125,1490,1573
cond_prev_off,GAS0007,GAS,0.1749435665914221,0.0402366863905325,56,41,58,886,903
cond_prev_off,GEN0001,GEN,0.1349134001823154,0.0355140186915887,46,27,75,1097,1145
cond_prev_off,MSK0008,MSK,0.2591549295774648,0.0363506771204561,124,17,227,1420,1630
cond_prev_off,MSK0013,MSK,0.2178594046865104,0.0244530244530244,106,25,213,1579,1767
cond_prev_off,MSK0017,MSK,0.16,0.0279043280182232,108,44,136,1800,1892
cond_prev_off,MSK0025,MSK,0.1594488188976378,0.0366422385076615,76,23,144,1524,1645
cond_prev_off,MSK0026,MSK,0.2056213017751479,0.0262172284644194,87,17,174,1352,1509
cond_prev_off,MSK0041,MSK,0.1762452107279693,0.0117263843648208,101,31,144,1566,1679
cond_prev_off,MSK0046,MSK,0.1565495207667731,0.0274542429284525,73,50,73,1252,1275
cond_prev_off,RES0012,RES,0.1909307875894988,0.0504407443682664,137,53,210,2095,2252
cond_prev_off,RES0021,RES,0.1796502384737678,0.0180475799835931,81,39,106,1258,1325
cond_prev_off,RES0025,RES,0.2195477753464624,0.0188821752265861,101,47,153,1371,1477
cond_prev_off,RES0030,RES,0.2107925801011804,0.0240549828178694,78,22,150,1186,1314
cond_prev_off,RES0047,RES,0.1703005303476723,0.0306441525953721,92,98,99,1697,1698
cond_prev_off,RES0051,RES,0.2635897435897436,0.0292887029288702,82,19,156,975,1112
cond_prev_off,RES0052,RES,0.2719512195121951,0.0406091370558375,93,32,98,820,886
cond_prev_off,RES0053,RES,0.2392894461859979,0.0392156862745098,137,27,294,1914,2181
cond_prev_off,RES0059,RES,0.2011922503725782,0.0248681235870384,95,15,160,1342,1487
cond_prev_off,RES0062,RES,0.2079463364293085,0.0177545691906005,124,23,256,1938,2171
cond_prev_off,RES0071,RES,0.2276234567901234,0.0795275590551181,64,26,205,1296,1475
cond_prev_off,RES0074,RES,0.2534864643150123,0.0423940149625935,75,16,218,1219,1421
cond_prev_off,RES0083,RES,0.2131822863027806,0.0231335436382754,61,20,126,971,1077
cond_prev_off,RES0098,RES,0.1754507628294036,0.0431400282885431,78,28,147,1442,1561
cond_prev_off,RES0100,RES,0.1765389082462253,0.0551319648093841,80,17,207,1722,1912
cond_prev_off,RES0104,RES,0.192005242463958,0.0596514745308311,85,34,174,1526,1666
cond_prev_off,RES0106,RES,0.1837708830548926,0.0879211175020542,85,40,106,1257,1323
cond_prev_off,RES0109,RES,0.1766055045871559,0.0878459687123947,54,41,59,872,890
cond_prev_off,RES0118,RES,0.1223241590214067,0.0131868131868131,25,71,24,981,934
cond_prev_off,RES0123,RES,0.1494580718767826,0.0334957369062119,57,111,94,1753,1736
cond_prev_off,RES0127,RES,0.1660802251935257,0.031700288184438,69,33,134,1421,1522
cond_prev_off,RES0132,RES,0.1301222142343637,0.0252486610558531,30,84,67,1391,1374
cond_prev_off,RES0134,RES,0.1154508902929351,0.0301568154402895,32,83,86,1741,1744
cond_prev_off,RES0143,RES,0.1575757575757575,0.021455223880597,40,83,59,1155,1131
cond_prev_off,RES0155,RES,0.1822429906542056,0.040521978021978,89,42,142,1498,1598
cond_prev_off,RES0160,RES,0.1743450767841011,0.0170616113744075,66,52,75,1107,1130
cond_prev_off,RES0163,RES,0.1843910806174957,0.0240856378233719,69,45,101,1166,1222
cond_prev_off,RES0173,RES,0.2391482391482391,0.038301415487094,107,20,165,1221,1366
cond_prev_off,RES0207,RES,0.1739130434782608,0.0629095674967234,49,42,49,805,812
vad_off,CAR0002,CAR,0.1737089201877934,0.1210067763794772,63,32,90,1065,1123
vad_off,DER0001,DER,0.1684563758389261,0.0090592334494773,95,55,101,1490,1536
vad_off,GAS0007,GAS,0.1433408577878104,0.0151162790697674,54,26,47,886,907
vad_off,GEN0001,GEN,0.1121239744758432,0.0175763182238667,45,16,62,1097,1143
vad_off,MSK0008,MSK,0.2704225352112676,0.0455861070911722,142,38,204,1420,1586
vad_off,MSK0013,MSK,0.1861937935402153,0.0038486209108402,106,20,168,1579,1727
vad_off,MSK0017,MSK,0.1788888888888888,0.0301478953356086,127,42,153,1800,1911
vad_off,MSK0025,MSK,0.1876640419947506,0.033178500331785,87,17,182,1524,1689
vad_off,MSK0026,MSK,0.2418639053254437,0.0075187969924812,130,22,175,1352,1505
vad_off,MSK0041,MSK,0.210727969348659,0.0174757281553398,103,21,206,1566,1751
vad_off,MSK0046,MSK,0.139776357827476,0.0121065375302663,72,13,90,1252,1329
vad_off,RES0012,RES,0.1871121718377088,0.040448343079922,156,43,193,2095,2245
vad_off,RES0021,RES,0.1589825119236884,0.0025210084033613,90,68,42,1258,1232
vad_off,RES0025,RES,0.2144420131291028,0.0053191489361702,109,55,130,1371,1446
vad_off,RES0030,RES,0.1340640809443507,0.0142222222222222,71,61,27,1186,1152
vad_off,RES0047,RES,0.1484973482616381,0.0170006071645415,101,50,101,1697,1748
vad_off,RES0051,RES,0.1487179487179487,0.0063965884861407,69,37,39,975,977
vad_off,RES0052,RES,0.2036585365853658,0.036410923276983,77,51,39,820,808
vad_off,RES0053,RES,0.2784743991640543,0.046585494970884,143,25,365,1914,2254
vad_off,RES0059,RES,0.202682563338301,0.0167046317388003,101,25,146,1342,1463
vad_off,RES0062,RES,0.2337461300309597,0.0093896713615023,128,21,304,1938,2221
vad_off,RES0071,RES,0.1373456790123456,0.0679304897314376,67,30,81,1296,1347
vad_off,RES0074,RES,0.3059885151763741,0.0362737015663643,85,6,282,1219,1495
vad_off,RES0083,RES,0.2173017507723995,0.0169491525423728,58,27,126,971,1070
vad_off,RES0098,RES,0.1407766990291262,0.0309798270893371,68,54,81,1442,1469
vad_off,RES0100,RES,0.1213704994192799,0.0396583282489322,73,83,53,1722,1692
vad_off,RES0104,RES,0.2234600262123197,0.0617120106171201,92,19,230,1526,1737
vad_off,RES0106,RES,0.2124105011933174,0.0838079739625712,102,28,137,1257,1366
vad_off,RES0109,RES,0.1926605504587156,0.0941860465116279,64,12,92,872,952
vad_off,RES0118,RES,0.0825688073394495,0.003125,35,21,25,981,985
vad_off,RES0123,RES,0.1397604107244723,0.0173756740563211,70,84,91,1753,1760
vad_off,RES0127,RES,0.199155524278677,0.0163934426229508,85,18,180,1421,1583
vad_off,RES0132,RES,0.0970524802300503,0.0029585798816568,29,39,67,1391,1419
vad_off,RES0134,RES,0.1177484204480183,0.0050156739811912,33,146,26,1741,1621
vad_off,RES0143,RES,0.1497835497835498,0.0239852398523985,43,71,59,1155,1143
vad_off,RES0155,RES,0.1795727636849132,0.0299116247450713,72,27,170,1498,1641
vad_off,RES0160,RES,0.1887985546522131,0.003700277520814,63,26,120,1107,1201
vad_off,RES0163,RES,0.192967409948542,0.0104986876640419,98,23,104,1166,1247
vad_off,RES0173,RES,0.2244062244062244,0.0311185870479394,120,32,122,1221,1311
vad_off,RES0207,RES,0.1937888198757764,0.0515463917525773,58,29,69,805,845
vad_thresh_030,CAR0002,CAR,0.2638497652582159,0.1240530303030303,72,9,200,1065,1256
vad_thresh_030,DER0001,DER,0.1778523489932885,0.0091549295774647,99,70,96,1490,1516
vad_thresh_030,GAS0007,GAS,0.1896162528216704,0.0403690888119953,53,19,96,886,963
vad_thresh_030,GEN0001,GEN,0.1093892433910665,0.0176579925650557,52,21,47,1097,1123
vad_thresh_030,MSK0008,MSK,0.2295774647887324,0.0229720028715003,129,27,170,1420,1563
vad_thresh_030,MSK0013,MSK,0.2311589613679544,0.0197704081632653,112,11,242,1579,1810
vad_thresh_030,MSK0017,MSK,0.2005555555555555,0.0235365117682558,137,143,81,1800,1738
vad_thresh_030,MSK0025,MSK,0.1725721784776903,0.0165672630881378,78,15,170,1524,1679
vad_thresh_030,MSK0026,MSK,0.2078402366863905,0.0052316890881913,85,14,182,1352,1520
vad_thresh_030,MSK0041,MSK,0.1475095785440613,0.0032873109796186,93,45,93,1566,1614
vad_thresh_030,MSK0046,MSK,0.1597444089456869,0.0153846153846153,77,17,106,1252,1341
vad_thresh_030,RES0012,RES,0.1837708830548926,0.0391581008321096,145,52,188,2095,2231
vad_thresh_030,RES0021,RES,0.2130365659777424,0.005700325732899,91,30,147,1258,1375
vad_thresh_030,RES0025,RES,0.199124726477024,0.003041825095057,99,56,118,1371,1433
vad_thresh_030,RES0030,RES,0.133220910623946,0.0098389982110912,66,68,24,1186,1142
vad_thresh_030,RES0047,RES,0.1337654684737772,0.0078979343863912,95,51,81,1697,1727
vad_thresh_030,RES0051,RES,0.1692307692307692,0.0043243243243243,76,50,39,975,964
vad_thresh_030,RES0052,RES,0.2,0.0257731958762886,78,44,42,820,818
vad_thresh_030,RES0053,RES,0.231974921630094,0.0296453149814716,147,25,272,1914,2161
vad_thresh_030,RES0059,RES,0.1445603576751117,0.0176380368098159,91,38,65,1342,1369
vad_thresh_030,RES0062,RES,0.2316821465428276,0.0093506493506493,134,13,302,1938,2227
vad_thresh_030,RES0071,RES,0.2476851851851851,0.0681284259984338,69,19,233,1296,1510
vad_thresh_030,RES0074,RES,0.3379819524200164,0.0471074380165289,88,9,315,1219,1525
vad_thresh_030,RES0083,RES,0.1462409886714727,0.0096256684491978,53,36,53,971,988
vad_thresh_030,RES0098,RES,0.1407766990291262,0.0309798270893371,68,54,81,1442,1469
vad_thresh_030,RES0100,RES,0.1672473867595819,0.0412007062978222,90,23,175,1722,1874
vad_thresh_030,RES0104,RES,0.2123197903014416,0.0496311200536552,85,35,204,1526,1695
vad_thresh_030,RES0106,RES,0.2116149562450278,0.0831315577078288,105,18,143,1257,1382
vad_thresh_030,RES0109,RES,0.1479357798165137,0.0827505827505827,59,14,56,872,914
vad_thresh_030,RES0118,RES,0.1029561671763506,0.0031948881789137,33,42,26,981,965
vad_thresh_030,RES0123,RES,0.1386195094124358,0.0148791072535647,60,140,43,1753,1656
vad_thresh_030,RES0127,RES,0.2012667135819845,0.0170697012802275,79,15,192,1421,1598
vad_thresh_030,RES0132,RES,0.1236520488856937,0.0085205267234701,35,100,37,1391,1328
vad_thresh_030,RES0134,RES,0.1240666283744974,0.0044052863436123,32,152,32,1741,1621
vad_thresh_030,RES0143,RES,0.1359307359307359,0.0053763440860215,40,39,78,1155,1194
vad_thresh_030,RES0155,RES,0.1949265687583444,0.0441576086956521,87,26,179,1498,1651
vad_thresh_030,RES0160,RES,0.1427280939476061,0.0028763183125599,50,64,44,1107,1087
vad_thresh_030,RES0163,RES,0.1835334476843911,0.0105263157894736,85,26,103,1166,1243
vad_thresh_030,RES0173,RES,0.1687141687141687,0.0136286201022146,109,47,50,1221,1224
vad_thresh_030,RES0207,RES,0.1515527950310559,0.0513833992094861,47,46,29,805,788
vad_thresh_070,CAR0002,CAR,0.2535211267605634,0.1197718631178707,70,13,187,1065,1239
vad_thresh_070,DER0001,DER,0.1765100671140939,0.0084925690021231,93,77,93,1490,1506
vad_thresh_070,GAS0007,GAS,0.1862302483069977,0.0480656506447831,51,33,81,886,934
vad_thresh_070,GEN0001,GEN,0.1239744758432087,0.0149672591206735,53,28,55,1097,1124
vad_thresh_070,MSK0008,MSK,0.3084507042253521,0.0533049040511727,137,13,288,1420,1695
vad_thresh_070,MSK0013,MSK,0.2235592146928435,0.0207522697795071,106,37,210,1579,1752
vad_thresh_070,MSK0017,MSK,0.1755555555555555,0.0219064535227945,114,111,91,1800,1780
vad_thresh_070,MSK0025,MSK,0.1929133858267716,0.0371845949535192,87,18,189,1524,1695
vad_thresh_070,MSK0026,MSK,0.1945266272189349,0.0060105184072126,82,21,160,1352,1491
vad_thresh_070,MSK0041,MSK,0.1960408684546615,0.0039164490861618,106,34,167,1566,1699
vad_thresh_070,MSK0046,MSK,0.1509584664536741,0.0131147540983606,67,32,90,1252,1310
vad_thresh_070,RES0012,RES,0.1909307875894988,0.0464767616191904,136,94,170,2095,2171
vad_thresh_070,RES0021,RES,0.1597774244833068,0.0042301184433164,88,76,37,1258,1219
vad_thresh_070,RES0025,RES,0.237053245805981,0.0252237591537835,114,142,69,1371,1298
vad_thresh_070,RES0030,RES,0.1416526138279932,0.0098126672613737,77,65,26,1186,1147
vad_thresh_070,RES0047,RES,0.1508544490276959,0.0125078173858661,91,98,67,1697,1666
vad_thresh_070,RES0051,RES,0.2574358974358974,0.0284810126582278,74,27,150,975,1098
vad_thresh_070,RES0052,RES,0.198780487804878,0.0257731958762886,78,44,41,820,817
vad_thresh_070,RES0053,RES,0.1948798328108673,0.0257372654155495,142,49,182,1914,2047
vad_thresh_070,RES0059,RES,0.1475409836065573,0.0184899845916795,94,44,60,1342,1358
vad_thresh_070,RES0062,RES,0.1486068111455108,0.0106382978723404,113,58,117,1938,1997
vad_thresh_070,RES0071,RES,0.2098765432098765,0.0735177865612648,64,31,177,1296,1442
vad_thresh_070,RES0074,RES,0.3191140278917145,0.0479338842975206,85,9,295,1219,1505
vad_thresh_070,RES0083,RES,0.1441812564366632,0.0118152524167561,56,40,44,971,975
vad_thresh_070,RES0098,RES,0.1289875173370319,0.0339483394833948,66,87,33,1442,1388
vad_thresh_070,RES0100,RES,0.0975609756097561,0.0417661097852028,73,46,49,1722,1725
vad_thresh_070,RES0104,RES,0.2280471821756225,0.067288474350433,93,25,230,1526,1731
vad_thresh_070,RES0106,RES,0.1630867143993635,0.0810126582278481,84,72,49,1257,1234
vad_thresh_070,RES0109,RES,0.2018348623853211,0.1019184652278177,67,38,71,872,905
vad_thresh_070,RES0118,RES,0.1213047910295616,0.0055865921787709,27,86,6,981,901
vad_thresh_070,RES0123,RES,0.1517398745008557,0.0176211453744493,52,164,50,1753,1639
vad_thresh_070,RES0127,RES,0.1956368754398311,0.0188679245283018,96,43,139,1421,1517
vad_thresh_070,RES0132,RES,0.1401869158878504,0.0032051282051282,34,143,18,1391,1266
vad_thresh_070,RES0134,RES,0.1039632395175186,0.0048840048840048,25,103,53,1741,1691
vad_thresh_070,RES0143,RES,0.1515151515151515,0.008695652173913,32,120,23,1155,1058
vad_thresh_070,RES0155,RES,0.1889185580774365,0.0375782881002087,74,61,148,1498,1585
vad_thresh_070,RES0160,RES,0.1842818428184282,0.0038095238095238,61,57,86,1107,1136
vad_thresh_070,RES0163,RES,0.1783876500857633,0.0125786163522012,76,53,79,1166,1192
vad_thresh_070,RES0173,RES,0.1638001638001638,0.0162254483347566,112,50,38,1221,1209
vad_thresh_070,RES0207,RES,0.1788819875776397,0.0557103064066852,39,87,18,805,736
vad_silence_500,CAR0002,CAR,0.1981220657276995,0.1382268827454718,62,16,133,1065,1182
vad_silence_500,DER0001,DER,0.2275167785234899,0.0183908045977011,90,185,64,1490,1369
vad_silence_500,GAS0007,GAS,0.1557562076749435,0.0505166475315729,58,15,65,886,936
vad_silence_500,GEN0001,GEN,0.1157702825888787,0.0203703703703703,48,17,62,1097,1142
vad_silence_500,MSK0008,MSK,0.2352112676056338,0.0127840909090909,134,12,188,1420,1596
vad_silence_500,MSK0013,MSK,0.2039265357821406,0.0434504792332268,109,14,199,1579,1764
vad_silence_500,MSK0017,MSK,0.1344444444444444,0.0164305949008498,114,35,93,1800,1858
vad_silence_500,MSK0025,MSK,0.1778215223097113,0.0341137123745819,90,29,152,1524,1647
vad_silence_500,MSK0026,MSK,0.1420118343195266,0.0086139389193422,82,75,35,1352,1312
vad_silence_500,MSK0041,MSK,0.1749680715197956,0.0052390307793058,109,39,126,1566,1653
vad_silence_500,MSK0046,MSK,0.1309904153354632,0.0137540453074433,74,16,74,1252,1310
vad_silence_500,RES0012,RES,0.1780429594272076,0.0420537897310513,148,50,175,2095,2220
vad_silence_500,RES0021,RES,0.1860095389507154,0.0057755775577557,82,46,106,1258,1318
vad_silence_500,RES0025,RES,0.1896425966447848,0.004594180704441,96,65,99,1371,1405
vad_silence_500,RES0030,RES,0.1897133220910624,0.009417808219178,86,18,121,1186,1289
vad_silence_500,RES0047,RES,0.1850324101355333,0.0109324758842443,109,142,63,1697,1618
vad_silence_500,RES0051,RES,0.2328205128205128,0.0020746887966804,76,11,140,975,1104
vad_silence_500,RES0052,RES,0.1890243902439024,0.0219638242894056,74,46,35,820,809
vad_silence_500,RES0053,RES,0.2084639498432602,0.0247311827956989,158,54,187,1914,2047
vad_silence_500,RES0059,RES,0.146795827123696,0.0155400155400155,84,55,58,1342,1345
vad_silence_500,RES0062,RES,0.2213622291021671,0.0088587806149035,131,19,279,1938,2198
vad_silence_500,RES0071,RES,0.2561728395061728,0.0809443507588532,91,110,131,1296,1317
vad_silence_500,RES0074,RES,0.2928630024610336,0.0313272877164056,87,6,264,1219,1477
vad_silence_500,RES0083,RES,0.1894953656024716,0.0085106382978723,57,31,96,971,1036
vad_silence_500,RES0098,RES,0.1574202496532593,0.0328212290502793,76,10,141,1442,1573
vad_silence_500,RES0100,RES,0.1643437862950058,0.039076376554174,88,33,162,1722,1851
vad_silence_500,RES0104,RES,0.1867627785058977,0.0710019907100199,84,19,182,1526,1689
vad_silence_500,RES0106,RES,0.1909307875894988,0.0917207792207792,94,25,121,1257,1353
vad_silence_500,RES0109,RES,0.1330275229357798,0.1105937136204889,52,13,51,872,910
vad_silence_500,RES0118,RES,0.0856269113149847,0.0042328042328042,25,36,23,981,968
vad_silence_500,RES0123,RES,0.1215059897318882,0.0131578947368421,53,81,79,1753,1751
vad_silence_500,RES0127,RES,0.1710063335679099,0.0171551107934238,74,22,147,1421,1546
vad_silence_500,RES0132,RES,0.1229331416247304,0.0031570639305445,29,124,18,1391,1285
vad_silence_500,RES0134,RES,0.0907524411257897,0.0042449969678593,25,92,41,1741,1690
vad_silence_500,RES0143,RES,0.1333333333333333,0.0081447963800904,40,50,64,1155,1169
vad_silence_500,RES0155,RES,0.1588785046728972,0.0205479452054794,76,38,124,1498,1584
vad_silence_500,RES0160,RES,0.1716350496838301,0.0055452865064695,77,25,88,1107,1170
vad_silence_500,RES0163,RES,0.1629502572898799,0.0114436619718309,80,30,80,1166,1216
vad_silence_500,RES0173,RES,0.1703521703521703,0.0138408304498269,110,65,33,1221,1189
vad_silence_500,RES0207,RES,0.1565217391304348,0.0539473684210526,45,45,36,805,796
vad_silence_1000,CAR0002,CAR,0.2197183098591549,0.1374407582938388,70,10,154,1065,1209
vad_silence_1000,DER0001,DER,0.1503355704697986,0.0110957004160887,98,48,78,1490,1520
vad_silence_1000,GAS0007,GAS,0.1455981941309255,0.0425287356321839,55,16,58,886,928
vad_silence_1000,GEN0001,GEN,0.1039197812215132,0.0176252319109461,43,19,52,1097,1130
vad_silence_1000,MSK0008,MSK,0.2471830985915493,0.0660511363636363,129,12,210,1420,1618
vad_silence_1000,MSK0013,MSK,0.1570614312856238,0.0078023407022106,95,41,112,1579,1650
vad_silence_1000,MSK0017,MSK,0.1394444444444444,0.0505050505050505,109,18,124,1800,1906
vad_silence_1000,MSK0025,MSK,0.1627296587926509,0.0152116402116402,85,12,151,1524,1663
vad_silence_1000,MSK0026,MSK,0.1989644970414201,0.0045180722891566,85,24,160,1352,1488
vad_silence_1000,MSK0041,MSK,0.1966794380587484,0.00390625,108,30,170,1566,1706
vad_silence_1000,MSK0046,MSK,0.1501597444089457,0.0180257510729613,73,87,28,1252,1193
vad_silence_1000,RES0012,RES,0.1766109785202864,0.0393700787401574,153,63,154,2095,2186
vad_silence_1000,RES0021,RES,0.197933227344992,0.0072992700729927,88,25,136,1258,1369
vad_silence_1000,RES0025,RES,0.1677607585703865,0.0071599045346062,88,114,28,1371,1285
vad_silence_1000,RES0030,RES,0.1323777403035413,0.0115658362989323,71,62,24,1186,1148
vad_silence_1000,RES0047,RES,0.1679434295816146,0.0519974635383639,100,120,65,1697,1642
vad_silence_1000,RES0051,RES,0.1466666666666666,0.0032085561497326,68,40,35,975,970
vad_silence_1000,RES0052,RES,0.2378048780487804,0.025062656641604,89,22,84,820,882
vad_silence_1000,RES0053,RES,0.2147335423197492,0.0273019271948608,138,46,227,1914,2095
vad_silence_1000,RES0059,RES,0.2228017883755588,0.0187828700225394,105,11,183,1342,1514
vad_silence_1000,RES0062,RES,0.1991744066047471,0.0078698845750262,127,32,227,1938,2133
vad_silence_1000,RES0071,RES,0.2361111111111111,0.0654952076677316,73,44,189,1296,1441
vad_silence_1000,RES0074,RES,0.302707136997539,0.0340531561461794,88,15,266,1219,1470
vad_silence_1000,RES0083,RES,0.1462409886714727,0.0149253731343283,65,33,44,971,982
vad_silence_1000,RES0098,RES,0.1373092926490984,0.0338266384778012,72,23,103,1442,1522
vad_silence_1000,RES0100,RES,0.1504065040650406,0.0408284023668639,82,32,145,1722,1835
vad_silence_1000,RES0104,RES,0.1913499344692005,0.0438829787234042,92,22,178,1526,1682
vad_silence_1000,RES0106,RES,0.1837708830548926,0.0816491511721907,92,20,119,1257,1356
vad_silence_1000,RES0109,RES,0.1410550458715596,0.1081395348837209,51,12,60,872,920
vad_silence_1000,RES0118,RES,0.1294597349643221,0.0056053811659192,26,89,12,981,904
vad_silence_1000,RES0123,RES,0.1215059897318882,0.0137067938021454,53,75,85,1753,1763
vad_silence_1000,RES0127,RES,0.1632653061224489,0.0166184971098265,78,37,117,1421,1501
vad_silence_1000,RES0132,RES,0.1329978432782171,0.0086477987421383,44,119,22,1391,1294
vad_silence_1000,RES0134,RES,0.1056863871338311,0.010204081632653,44,75,65,1741,1731
vad_silence_1000,RES0143,RES,0.1333333333333333,0.0081447963800904,44,50,60,1155,1165
vad_silence_1000,RES0155,RES,0.1829105473965287,0.021291696238467,81,89,104,1498,1513
vad_silence_1000,RES0160,RES,0.1833785004516711,0.0055197792088316,83,20,100,1107,1187
vad_silence_1000,RES0163,RES,0.176672384219554,0.0106666666666666,79,41,86,1166,1211
vad_silence_1000,RES0173,RES,0.1891891891891892,0.0133000831255195,95,18,118,1221,1321
vad_silence_1000,RES0207,RES,0.1565217391304348,0.0544488711819389,43,52,31,805,784
vad_pad_200,CAR0002,CAR,0.2676056338028169,0.1214421252371916,74,11,200,1065,1254
vad_pad_200,DER0001,DER,0.1604026845637584,0.0154820548909218,93,69,77,1490,1498
vad_pad_200,GAS0007,GAS,0.146726862302483,0.0174825174825174,60,28,42,886,900
vad_pad_200,GEN0001,GEN,0.1248860528714676,0.0133460438512869,50,48,39,1097,1088
vad_pad_200,MSK0008,MSK,0.2352112676056338,0.0296242774566473,129,36,169,1420,1553
vad_pad_200,MSK0013,MSK,0.1906269791006966,0.0071707953063885,111,45,145,1579,1679
vad_pad_200,MSK0017,MSK,0.2138888888888888,0.0384615384615384,155,84,146,1800,1862
vad_pad_200,MSK0025,MSK,0.176509186351706,0.0178335535006605,89,10,170,1524,1684
vad_pad_200,MSK0026,MSK,0.2477810650887573,0.0422641509433962,85,27,223,1352,1548
vad_pad_200,MSK0041,MSK,0.1960408684546615,0.0052151238591916,106,32,169,1566,1703
vad_pad_200,MSK0046,MSK,0.1469648562300319,0.0177562550443906,79,13,92,1252,1331
vad_pad_200,RES0012,RES,0.1856801909307875,0.0430950048971596,139,53,197,2095,2239
vad_pad_200,RES0021,RES,0.2027027027027027,0.0041118421052631,86,42,127,1258,1343
vad_pad_200,RES0025,RES,0.2020423048869438,0.007627765064836,105,60,112,1371,1423
vad_pad_200,RES0030,RES,0.1323777403035413,0.0115761353517364,66,63,28,1186,1151
vad_pad_200,RES0047,RES,0.136122569239835,0.0122399020807833,95,63,73,1697,1707
vad_pad_200,RES0051,RES,0.1528205128205128,0.0042826552462526,66,41,42,975,976
vad_pad_200,RES0052,RES,0.2195121951219512,0.0218508997429305,83,42,55,820,833
vad_pad_200,RES0053,RES,0.2230929989550679,0.0270844397238449,141,31,255,1914,2138
vad_pad_200,RES0059,RES,0.1505216095380029,0.0163297045101088,87,56,59,1342,1345
vad_pad_200,RES0062,RES,0.2239422084623323,0.0099164926931106,126,22,286,1938,2202
vad_pad_200,RES0071,RES,0.1404320987654321,0.0670391061452514,67,43,72,1296,1325
vad_pad_200,RES0074,RES,0.2231337161607875,0.040765391014975,86,17,169,1219,1371
vad_pad_200,RES0083,RES,0.2265705458290422,0.0095541401273885,56,29,135,971,1077
vad_pad_200,RES0098,RES,0.167128987517337,0.033005617977528,78,18,145,1442,1569
vad_pad_200,RES0100,RES,0.164924506387921,0.0411039342337052,87,19,178,1722,1881
vad_pad_200,RES0104,RES,0.1952817824377457,0.0517821116341627,90,39,169,1526,1656
vad_pad_200,RES0106,RES,0.198090692124105,0.0827250608272506,99,24,126,1257,1359
vad_pad_200,RES0109,RES,0.1846330275229357,0.0878459687123947,62,41,58,872,889
vad_pad_200,RES0118,RES,0.1202854230377166,0.0415778251599147,31,43,44,981,982
vad_pad_200,RES0123,RES,0.1620079863091842,0.0153061224489795,58,185,41,1753,1609
vad_pad_200,RES0127,RES,0.2005629838142153,0.0278372591006423,86,20,179,1421,1580
vad_pad_200,RES0132,RES,0.0941768511861969,0.0029520295202952,35,36,60,1391,1415
vad_pad_200,RES0134,RES,0.1177484204480183,0.0056426332288401,30,146,29,1741,1624
vad_pad_200,RES0143,RES,0.141991341991342,0.01183970856102,44,57,63,1155,1161
vad_pad_200,RES0155,RES,0.1955941255006675,0.0354107648725212,86,86,121,1498,1533
vad_pad_200,RES0160,RES,0.1996386630532972,0.0036934441366574,72,24,125,1107,1208
vad_pad_200,RES0163,RES,0.1921097770154373,0.013215859030837,85,31,108,1166,1243
vad_pad_200,RES0173,RES,0.1703521703521703,0.0155306298533218,100,62,46,1221,1205
vad_pad_200,RES0207,RES,0.1937888198757764,0.0629820051413881,54,27,75,805,853
vad_pad_600,CAR0002,CAR,0.2582159624413145,0.1236917221693625,70,14,191,1065,1242
vad_pad_600,DER0001,DER,0.187248322147651,0.0256944444444444,100,50,129,1490,1569
vad_pad_600,GAS0007,GAS,0.1444695259593679,0.0150987224157955,57,25,46,886,907
vad_pad_600,GEN0001,GEN,0.1276207839562443,0.0150234741784037,47,32,61,1097,1126
vad_pad_600,MSK0008,MSK,0.273943661971831,0.046594982078853,120,25,244,1420,1639
vad_pad_600,MSK0013,MSK,0.2121595946801773,0.0090556274256144,141,33,161,1579,1707
vad_pad_600,MSK0017,MSK,0.1516666666666666,0.0346175321049692,108,9,156,1800,1947
vad_pad_600,MSK0025,MSK,0.171259842519685,0.0165562913907284,83,14,164,1524,1674
vad_pad_600,MSK0026,MSK,0.128698224852071,0.0038431975403535,78,51,45,1352,1346
vad_pad_600,MSK0041,MSK,0.1800766283524904,0.0085922009253139,92,53,137,1566,1650
vad_pad_600,MSK0046,MSK,0.1533546325878594,0.0138099106417546,74,21,97,1252,1328
vad_pad_600,RES0012,RES,0.1894988066825775,0.0440744368266405,148,53,196,2095,2238
vad_pad_600,RES0021,RES,0.1629570747217806,0.004233700254022,89,77,39,1258,1220
vad_pad_600,RES0025,RES,0.2027716994894237,0.0053970701619121,100,74,104,1371,1401
vad_pad_600,RES0030,RES,0.1745362563237774,0.0137931034482758,84,26,97,1186,1257
vad_pad_600,RES0047,RES,0.1803182086034178,0.0147719974309569,107,140,59,1697,1616
vad_pad_600,RES0051,RES,0.1528205128205128,0.0064377682403433,70,43,36,975,968
vad_pad_600,RES0052,RES,0.2073170731707317,0.0298701298701298,78,50,42,820,812
vad_pad_600,RES0053,RES,0.2011494252873563,0.0288,142,39,204,1914,2079
vad_pad_600,RES0059,RES,0.1751117734724292,0.0175438596491228,94,31,110,1342,1421
vad_pad_600,RES0062,RES,0.2125902992776057,0.0089098532494758,129,30,253,1938,2161
vad_pad_600,RES0071,RES,0.1458333333333333,0.0665064102564102,63,48,78,1296,1326
vad_pad_600,RES0074,RES,0.3371616078753076,0.0495049504950495,86,7,318,1219,1530
vad_pad_600,RES0083,RES,0.223480947476828,0.0106157112526539,60,29,128,971,1070
vad_pad_600,RES0098,RES,0.1407766990291262,0.0309798270893371,68,54,81,1442,1469
vad_pad_600,RES0100,RES,0.1736353077816492,0.0409596255119953,85,13,201,1722,1910
vad_pad_600,RES0104,RES,0.155307994757536,0.0504143646408839,76,78,83,1526,1531
vad_pad_600,RES0106,RES,0.1774065234685759,0.0846216436126932,88,28,107,1257,1336
vad_pad_600,RES0109,RES,0.1903669724770642,0.0898058252427184,55,48,63,872,887
vad_pad_600,RES0118,RES,0.0876656472986748,0.0041623309053069,36,20,30,981,991
vad_pad_600,RES0123,RES,0.1397604107244723,0.017412935323383,55,145,45,1753,1653
vad_pad_600,RES0127,RES,0.1885995777621393,0.0171184022824536,75,19,174,1421,1576
vad_pad_600,RES0132,RES,0.0992092020129403,0.001480384900074,38,40,60,1391,1411
vad_pad_600,RES0134,RES,0.0970706490522688,0.0018094089264173,28,83,58,1741,1716
vad_pad_600,RES0143,RES,0.1532467532467532,0.0106075216972034,39,118,20,1155,1057
vad_pad_600,RES0155,RES,0.1802403204272363,0.0203794799718903,74,75,121,1498,1544
vad_pad_600,RES0160,RES,0.1978319783197832,0.0064754856614246,72,26,121,1107,1202
vad_pad_600,RES0163,RES,0.1818181818181818,0.0087719298245614,88,26,98,1166,1238
vad_pad_600,RES0173,RES,0.1711711711711711,0.0137812230835486,105,60,44,1221,1205
vad_pad_600,RES0207,RES,0.1962732919254658,0.0524246395806028,62,42,54,805,817
merge_gap_030,CAR0002,CAR,0.2835680751173708,0.1203791469194312,71,10,221,1065,1276
merge_gap_030,DER0001,DER,0.1597315436241611,0.0076923076923076,94,60,84,1490,1514
merge_gap_030,GAS0007,GAS,0.1681715575620767,0.0151515151515151,58,28,63,886,921
merge_gap_030,GEN0001,GEN,0.129443938012762,0.0132075471698113,50,37,55,1097,1115
merge_gap_030,MSK0008,MSK,0.2035211267605634,0.0160818713450292,114,52,123,1420,1491
merge_gap_030,MSK0013,MSK,0.2944901836605446,0.0164041994750656,111,55,299,1579,1823
merge_gap_030,MSK0017,MSK,0.1938888888888889,0.0308043354249857,116,47,186,1800,1939
merge_gap_030,MSK0025,MSK,0.1916010498687664,0.0145502645502645,82,12,198,1524,1710
merge_gap_030,MSK0026,MSK,0.2729289940828402,0.018754688672168,92,19,258,1352,1591
merge_gap_030,MSK0041,MSK,0.1832694763729246,0.0026160889470241,107,37,143,1566,1672
merge_gap_030,MSK0046,MSK,0.1709265175718849,0.0145985401459854,82,19,113,1252,1346
merge_gap_030,RES0012,RES,0.1985680190930787,0.0451837140019861,146,81,189,2095,2203
merge_gap_030,RES0021,RES,0.2273449920508744,0.0048979591836734,91,33,162,1258,1387
merge_gap_030,RES0025,RES,0.224653537563822,0.0022900763358778,106,61,141,1371,1451
merge_gap_030,RES0030,RES,0.1349072512647554,0.0097173144876325,69,54,37,1186,1169
merge_gap_030,RES0047,RES,0.159104301708898,0.0091074681238615,97,50,123,1697,1770
merge_gap_030,RES0051,RES,0.1948717948717948,0.0031813361611876,73,32,85,975,1028
merge_gap_030,RES0052,RES,0.2585365853658536,0.0200752823086574,95,23,94,820,891
merge_gap_030,RES0053,RES,0.2136886102403343,0.0276595744680851,145,34,230,1914,2110
merge_gap_030,RES0059,RES,0.2384500745156482,0.0211480362537764,101,18,201,1342,1525
merge_gap_030,RES0062,RES,0.2543859649122807,0.0078043704474505,125,16,352,1938,2274
merge_gap_030,RES0071,RES,0.2878086419753086,0.0752351097178683,69,20,284,1296,1560
merge_gap_030,RES0074,RES,0.3273174733388023,0.0406301824212272,91,13,295,1219,1501
merge_gap_030,RES0083,RES,0.2564366632337796,0.0137130801687763,61,23,165,971,1113
merge_gap_030,RES0098,RES,0.1567267683772538,0.0309130122214234,72,51,103,1442,1494
merge_gap_030,RES0100,RES,0.1585365853658536,0.039426523297491,91,48,134,1722,1808
merge_gap_030,RES0104,RES,0.1703800786369593,0.0515818431911967,76,72,112,1526,1566
merge_gap_030,RES0106,RES,0.167859984089101,0.0789036544850498,84,53,74,1257,1278
merge_gap_030,RES0109,RES,0.1972477064220183,0.0839328537170263,56,38,78,872,912
merge_gap_030,RES0118,RES,0.1121304791029561,0.0052301255230125,35,25,50,981,1006
merge_gap_030,RES0123,RES,0.1642897889332572,0.0185414091470951,66,135,87,1753,1705
merge_gap_030,RES0127,RES,0.203377902885292,0.0170454545454545,81,13,195,1421,1603
merge_gap_030,RES0132,RES,0.1358734723220704,0.0215934475055845,45,48,96,1391,1439
merge_gap_030,RES0134,RES,0.128661688684664,0.0043777360850531,48,142,34,1741,1633
merge_gap_030,RES0143,RES,0.1653679653679653,0.0106280193236714,45,120,26,1155,1061
merge_gap_030,RES0155,RES,0.2229639519359145,0.0274454609429978,77,77,180,1498,1601
merge_gap_030,RES0160,RES,0.1562782294489611,0.0048262548262548,53,71,49,1107,1085
merge_gap_030,RES0163,RES,0.2144082332761578,0.0096491228070175,92,26,132,1166,1272
merge_gap_030,RES0173,RES,0.1908271908271908,0.015450643776824,116,56,61,1221,1226
merge_gap_030,RES0207,RES,0.2062111801242236,0.0539845758354755,56,27,83,805,861
best_combo,CAR0002,CAR,0.1314553990610328,0.1142857142857142,56,50,34,1065,1049
best_combo,DER0001,DER,0.1268456375838926,0.0105633802816901,84,70,35,1490,1455
best_combo,GAS0007,GAS,0.1027088036117381,0.0138408304498269,41,19,31,886,898
best_combo,GEN0001,GEN,0.1148587055606198,0.0143953934740882,44,55,27,1097,1069
best_combo,MSK0008,MSK,0.1190140845070422,0.0036576444769568,103,53,13,1420,1380
best_combo,MSK0013,MSK,0.1215959468017732,0.0093833780160857,84,87,21,1579,1513
best_combo,MSK0017,MSK,0.1405555555555555,0.0107655502392344,101,128,24,1800,1696
best_combo,MSK0025,MSK,0.1003937007874015,0.0117484450587422,65,77,11,1524,1458
best_combo,MSK0026,MSK,0.1131656804733727,0.003112840466926,68,67,18,1352,1303
best_combo,MSK0041,MSK,0.1768837803320562,0.0038734667527437,99,17,161,1566,1710
best_combo,MSK0046,MSK,0.1118210862619808,0.0129136400322841,73,13,54,1252,1293
best_combo,RES0012,RES,0.1689737470167064,0.0538271604938271,148,70,136,2095,2161
best_combo,RES0021,RES,0.1399046104928457,0.0042553191489361,71,83,22,1258,1197
best_combo,RES0025,RES,0.1466083150984682,0.0101404056162246,84,89,28,1371,1310
best_combo,RES0030,RES,0.1205733558178752,0.0183246073298429,71,40,32,1186,1178
best_combo,RES0047,RES,0.1602828520919269,0.005859375,94,161,17,1697,1553
best_combo,RES0051,RES,0.1364102564102564,0.0064102564102564,66,39,28,975,964
best_combo,RES0052,RES,0.1670731707317073,0.0181818181818181,68,50,19,820,789
best_combo,RES0053,RES,0.1671891327063741,0.027214514407684,125,40,155,1914,2029
best_combo,RES0059,RES,0.1207153502235469,0.0123647604327666,80,48,34,1342,1328
best_combo,RES0062,RES,0.1248710010319917,0.0058355437665782,112,53,77,1938,1962
best_combo,RES0071,RES,0.2175925925925926,0.0614307931570762,68,10,204,1296,1490
best_combo,RES0074,RES,0.1378178835110746,0.0381033022861981,75,38,55,1219,1236
best_combo,RES0083,RES,0.1153450051493305,0.0085929108485499,46,40,26,971,957
best_combo,RES0098,RES,0.1296809986130374,0.032880629020729,67,43,77,1442,1476
best_combo,RES0100,RES,0.1062717770034843,0.0441888619854721,71,70,42,1722,1694
best_combo,RES0104,RES,0.1133682830930537,0.0520904729266621,66,67,40,1526,1499
best_combo,RES0106,RES,0.1479713603818615,0.0813758389261744,77,65,44,1257,1236
best_combo,RES0109,RES,0.110091743119266,0.068075117370892,46,20,30,872,882
best_combo,RES0118,RES,0.1376146788990825,0.0069044879171461,18,112,5,981,874
best_combo,RES0123,RES,0.1254991443240159,0.0105067985166872,60,135,25,1753,1643
best_combo,RES0127,RES,0.1759324419422941,0.0170092133238837,74,10,166,1421,1577
best_combo,RES0132,RES,0.1286843997124371,0.0047961630695443,29,140,10,1391,1261
best_combo,RES0134,RES,0.0511200459506031,0.002906976744186,24,21,44,1741,1764
best_combo,RES0143,RES,0.1575757575757575,0.0078201368523949,37,132,13,1155,1036
best_combo,RES0155,RES,0.1495327102803738,0.0167714884696016,84,67,73,1498,1504
best_combo,RES0160,RES,0.1156278229448961,0.0019286403085824,45,70,13,1107,1050
best_combo,RES0163,RES,0.1072041166380789,0.0090826521344232,24,65,36,1166,1137
best_combo,RES0173,RES,0.1613431613431613,0.0130321459600347,95,70,32,1221,1183
best_combo,RES0207,RES,0.1428571428571428,0.0517241379310344,40,51,24,805,778
merge_gap_150,CAR0002,CAR,0.2300469483568075,0.1212121212121212,71,9,165,1065,1221
merge_gap_150,DER0001,DER,0.1335570469798657,0.00768156424581,87,58,54,1490,1486
merge_gap_150,GAS0007,GAS,0.1444695259593679,0.0151869158878504,52,30,46,886,902
merge_gap_150,GEN0001,GEN,0.113035551504102,0.0150517403574788,48,34,42,1097,1105
merge_gap_150,MSK0008,MSK,0.2147887323943662,0.0303907380607814,115,38,152,1420,1534
merge_gap_150,MSK0013,MSK,0.1963267891070297,0.0128122998078155,102,18,190,1579,1751
merge_gap_150,MSK0017,MSK,0.1555555555555555,0.0238365493757094,118,38,124,1800,1886
merge_gap_150,MSK0025,MSK,0.1614173228346456,0.0152116402116402,81,12,153,1524,1665
merge_gap_150,MSK0026,MSK,0.1863905325443787,0.0052950075642965,83,30,139,1352,1461
merge_gap_150,MSK0041,MSK,0.1966794380587484,0.0045103092783505,108,14,186,1566,1738
merge_gap_150,MSK0046,MSK,0.1349840255591054,0.0153846153846153,78,17,74,1252,1309
merge_gap_150,RES0012,RES,0.1813842482100238,0.043607532210109,147,77,156,2095,2174
merge_gap_150,RES0021,RES,0.1899841017488076,0.0049220672682526,86,39,114,1258,1333
merge_gap_150,RES0025,RES,0.1983953318745441,0.0023041474654377,98,69,105,1371,1407
merge_gap_150,RES0030,RES,0.1247892074198988,0.0106100795755968,67,55,26,1186,1157
merge_gap_150,RES0047,RES,0.1567472009428403,0.0093574547723019,122,94,50,1697,1653
merge_gap_150,RES0051,RES,0.1641025641025641,0.0031746031746031,75,30,55,975,1000
merge_gap_150,RES0052,RES,0.2060975609756097,0.0234070221066319,79,51,39,820,808
merge_gap_150,RES0053,RES,0.2189132706374085,0.0275569687334393,144,27,248,1914,2135
merge_gap_150,RES0059,RES,0.1385991058122205,0.0154918667699457,84,51,51,1342,1342
merge_gap_150,RES0062,RES,0.2167182662538699,0.0078003120124804,122,15,283,1938,2206
merge_gap_150,RES0071,RES,0.1504629629629629,0.0704563650920736,67,47,81,1296,1330
merge_gap_150,RES0074,RES,0.2846595570139458,0.0415627597672485,87,16,244,1219,1447
merge_gap_150,RES0083,RES,0.2276004119464469,0.0137566137566137,56,26,139,971,1084
merge_gap_150,RES0098,RES,0.1359223300970873,0.0330459770114942,69,50,77,1442,1469
merge_gap_150,RES0100,RES,0.1382113821138211,0.0423880597014925,93,47,98,1722,1773
merge_gap_150,RES0104,RES,0.1428571428571428,0.0525224602626123,77,79,62,1526,1509
merge_gap_150,RES0106,RES,0.1782020684168655,0.0796100731112916,91,26,107,1257,1338
merge_gap_150,RES0109,RES,0.1697247706422018,0.0901442307692307,54,40,54,872,886
merge_gap_150,RES0118,RES,0.091743119266055,0.0052246603970741,35,24,31,981,988
merge_gap_150,RES0123,RES,0.1528807758128922,0.0161490683229813,56,143,69,1753,1679
merge_gap_150,RES0127,RES,0.1843771991555242,0.0177935943060498,78,16,168,1421,1573
merge_gap_150,RES0132,RES,0.1143062544931703,0.0137404580152671,31,81,47,1391,1357
merge_gap_150,RES0134,RES,0.1206203331418724,0.0044303797468354,28,161,21,1741,1601
merge_gap_150,RES0143,RES,0.1601731601731601,0.0097181729834791,37,126,22,1155,1051
merge_gap_150,RES0155,RES,0.1929238985313751,0.0263355906696764,65,169,55,1498,1384
merge_gap_150,RES0160,RES,0.1309846431797651,0.0038722168441432,49,74,22,1107,1055
merge_gap_150,RES0163,RES,0.1878216123499142,0.0096745822339489,88,29,102,1166,1239
merge_gap_150,RES0173,RES,0.1695331695331695,0.0155038759689922,111,60,36,1221,1197
merge_gap_150,RES0207,RES,0.1900621118012422,0.055198973042362,56,26,71,805,850
min_interval_00,CAR0002,CAR,0.2629107981220657,0.1221590909090909,71,9,200,1065,1256
min_interval_00,DER0001,DER,0.1342281879194631,0.0069832402234636,87,58,55,1490,1487
min_interval_00,GAS0007,GAS,0.1455981941309255,0.0151869158878504,52,30,47,886,903
min_interval_00,GEN0001,GEN,0.1203281677301732,0.0122525918944392,51,36,45,1097,1106
min_interval_00,MSK0008,MSK,0.1746478873239436,0.016140865737344,105,57,86,1420,1449
min_interval_00,MSK0013,MSK,0.1912602913236225,0.0058403634003893,110,38,154,1579,1695
min_interval_00,MSK0017,MSK,0.1544444444444444,0.0257142857142857,106,50,122,1800,1872
min_interval_00,MSK0025,MSK,0.1620734908136483,0.0145502645502645,81,12,154,1524,1666
min_interval_00,MSK0026,MSK,0.2041420118343195,0.0174110522331567,86,31,159,1352,1480
min_interval_00,MSK0041,MSK,0.152618135376756,0.0026385224274406,96,50,93,1566,1609
min_interval_00,MSK0046,MSK,0.1421725239616613,0.0145395799676898,78,14,86,1252,1324
min_interval_00,RES0012,RES,0.2062052505966587,0.0444444444444444,145,70,217,2095,2242
min_interval_00,RES0021,RES,0.1899841017488076,0.0049220672682526,86,39,114,1258,1333
min_interval_00,RES0025,RES,0.2005835156819839,0.0023041474654377,98,69,108,1371,1410
min_interval_00,RES0030,RES,0.1256323777403035,0.0114840989399293,68,54,27,1186,1159
min_interval_00,RES0047,RES,0.1567472009428403,0.0121405750798722,99,132,35,1697,1600
min_interval_00,RES0051,RES,0.1692307692307692,0.0063829787234042,75,35,55,975,995
min_interval_00,RES0052,RES,0.2512195121951219,0.0163316582914572,95,24,87,820,883
min_interval_00,RES0053,RES,0.2011494252873563,0.0302547770700636,147,30,208,1914,2092
min_interval_00,RES0059,RES,0.1445603576751117,0.0146041506533435,85,41,68,1342,1369
min_interval_00,RES0062,RES,0.218782249742002,0.0083203328133125,122,15,287,1938,2210
min_interval_00,RES0071,RES,0.2530864197530864,0.0717628705148206,75,14,239,1296,1521
min_interval_00,RES0074,RES,0.2977850697292863,0.0426778242677824,92,24,247,1219,1442
min_interval_00,RES0083,RES,0.2245108135942327,0.0126849894291754,57,25,136,971,1082
min_interval_00,RES0098,RES,0.1470180305131761,0.0330459770114942,69,50,93,1442,1485
min_interval_00,RES0100,RES,0.1718931475029036,0.0502994011976047,138,52,106,1722,1776
min_interval_00,RES0104,RES,0.1507208387942332,0.0530668504479669,74,75,81,1526,1532
min_interval_00,RES0106,RES,0.1694510739856801,0.0791426215993404,78,44,91,1257,1304
min_interval_00,RES0109,RES,0.1857798165137614,0.0910179640718562,61,37,64,872,899
min_interval_00,RES0118,RES,0.091743119266055,0.0052246603970741,35,24,31,981,988
min_interval_00,RES0123,RES,0.1545921277809469,0.015527950310559,55,143,73,1753,1683
min_interval_00,RES0127,RES,0.1878958479943701,0.0170818505338078,78,16,173,1421,1578
min_interval_00,RES0132,RES,0.1186196980589504,0.015267175572519,32,81,52,1391,1362
min_interval_00,RES0134,RES,0.1217690982194141,0.0044303797468354,28,161,23,1741,1603
min_interval_00,RES0143,RES,0.161038961038961,0.0097181729834791,37,126,23,1155,1052
min_interval_00,RES0155,RES,0.192256341789052,0.0274261603375527,73,76,139,1498,1561
min_interval_00,RES0160,RES,0.1336946702800361,0.0038722168441432,49,74,25,1107,1058
min_interval_00,RES0163,RES,0.1912521440823327,0.0087950747581354,88,29,106,1166,1243
min_interval_00,RES0173,RES,0.1695331695331695,0.0154905335628227,112,59,36,1221,1198
min_interval_00,RES0207,RES,0.1962732919254658,0.055198973042362,56,26,76,805,855
min_interval_25,CAR0002,CAR,0.2638497652582159,0.1326335877862595,114,17,150,1065,1198
min_interval_25,DER0001,DER,0.1335570469798657,0.0069930069930069,85,60,54,1490,1484
min_interval_25,GAS0007,GAS,0.1422121896162528,0.0152046783625731,52,31,43,886,898
min_interval_25,GEN0001,GEN,0.1084776663628076,0.0169971671388102,44,38,37,1097,1096
min_interval_25,MSK0008,MSK,0.2401408450704225,0.0372492836676217,124,24,193,1420,1589
min_interval_25,MSK0013,MSK,0.2045598480050665,0.0058441558441558,114,39,170,1579,1710
min_interval_25,MSK0017,MSK,0.1644444444444444,0.0243196294151708,112,73,111,1800,1838
min_interval_25,MSK0025,MSK,0.160761154855643,0.0152116402116402,81,12,152,1524,1664
min_interval_25,MSK0026,MSK,0.1819526627218935,0.0060514372163388,80,30,136,1352,1458
min_interval_25,MSK0041,MSK,0.1532567049808429,0.0026402640264026,97,51,92,1566,1607
min_interval_25,MSK0046,MSK,0.1381789137380191,0.0146460537021969,75,23,75,1252,1304
min_interval_25,RES0012,RES,0.1837708830548926,0.0440376051459673,142,74,169,2095,2190
min_interval_25,RES0021,RES,0.1899841017488076,0.0049220672682526,86,39,114,1258,1333
min_interval_25,RES0025,RES,0.1983953318745441,0.0023041474654377,98,69,105,1371,1407
min_interval_25,RES0030,RES,0.1247892074198988,0.0106100795755968,67,55,26,1186,1157
min_interval_25,RES0047,RES,0.1384796700058927,0.0191358024691358,96,77,62,1697,1682
min_interval_25,RES0051,RES,0.2482051282051282,0.0231578947368421,74,25,143,975,1093
min_interval_25,RES0052,RES,0.2792682926829268,0.0367553865652724,92,31,106,820,895
min_interval_25,RES0053,RES,0.1980146290491118,0.028692879914984,146,32,201,1914,2083
min_interval_25,RES0059,RES,0.1378539493293591,0.0138674884437596,87,44,54,1342,1352
min_interval_25,RES0062,RES,0.2156862745098039,0.0078003120124804,122,15,281,1938,2204
min_interval_25,RES0071,RES,0.2654320987654321,0.0709728867623604,73,42,229,1296,1483
min_interval_25,RES0074,RES,0.3182936833470057,0.0444810543657331,92,5,291,1219,1505
min_interval_25,RES0083,RES,0.2173017507723995,0.0190677966101694,55,27,129,971,1073
min_interval_25,RES0098,RES,0.1345353675450762,0.0330459770114942,69,50,75,1442,1467
min_interval_25,RES0100,RES,0.1370499419279907,0.041317365269461,90,52,94,1722,1764
min_interval_25,RES0104,RES,0.1539973787680209,0.0570652173913043,72,54,109,1526,1581
min_interval_25,RES0106,RES,0.1654733492442323,0.0787337662337662,95,25,88,1257,1320
min_interval_25,RES0109,RES,0.161697247706422,0.0866425992779783,53,41,47,872,878
min_interval_25,RES0118,RES,0.091743119266055,0.0052246603970741,35,24,31,981,988
min_interval_25,RES0123,RES,0.1523103251568739,0.0155376009944064,56,144,67,1753,1676
min_interval_25,RES0127,RES,0.1815622800844475,0.0170818505338078,78,16,164,1421,1569
min_interval_25,RES0132,RES,0.1042415528396836,0.0029695619896065,37,44,64,1391,1411
min_interval_25,RES0134,RES,0.1194715680643308,0.0044303797468354,28,161,19,1741,1599
min_interval_25,RES0143,RES,0.1593073593073593,0.0097276264591439,36,127,21,1155,1049
min_interval_25,RES0155,RES,0.1842456608811749,0.0269886363636363,68,90,118,1498,1526
min_interval_25,RES0160,RES,0.1291779584462511,0.0038722168441432,49,74,20,1107,1053
min_interval_25,RES0163,RES,0.1835334476843911,0.0096745822339489,88,29,97,1166,1234
min_interval_25,RES0173,RES,0.1695331695331695,0.0155038759689922,111,60,36,1221,1197
min_interval_25,RES0207,RES,0.1888198757763975,0.055198973042362,56,26,70,805,849
min_interval_40,CAR0002,CAR,0.215962441314554,0.1263057929724596,71,12,147,1065,1200
min_interval_40,DER0001,DER,0.1328859060402684,0.0069930069930069,85,60,53,1490,1483
min_interval_40,GAS0007,GAS,0.1422121896162528,0.0140515222482435,52,32,42,886,896
min_interval_40,GEN0001,GEN,0.1075660893345487,0.0160680529300567,45,39,34,1097,1092
min_interval_40,MSK0008,MSK,0.1690140845070422,0.0154411764705882,116,60,64,1420,1424
min_interval_40,MSK0013,MSK,0.1925269157694743,0.0192061459667093,109,17,178,1579,1740
min_interval_40,MSK0017,MSK,0.1611111111111111,0.0292096219931271,109,54,127,1800,1873
min_interval_40,MSK0025,MSK,0.1614173228346456,0.014559894109861,82,13,151,1524,1662
min_interval_40,MSK0026,MSK,0.1886094674556213,0.030441400304414,82,38,135,1352,1449
min_interval_40,MSK0041,MSK,0.1551724137931034,0.0033025099075297,96,52,95,1566,1609
min_interval_40,MSK0046,MSK,0.1301916932907348,0.014657980456026,75,24,64,1252,1292
min_interval_40,RES0012,RES,0.1732696897374701,0.0394605394605394,142,93,128,2095,2130
min_interval_40,RES0021,RES,0.1875993640699523,0.0049220672682526,87,39,110,1258,1329
min_interval_40,RES0025,RES,0.1969365426695842,0.0030864197530864,93,75,102,1371,1398
min_interval_40,RES0030,RES,0.1247892074198988,0.0097604259094942,63,59,26,1186,1153
min_interval_40,RES0047,RES,0.1555686505598114,0.0134014039566049,86,130,48,1697,1615
min_interval_40,RES0051,RES,0.2317948717948718,0.0200210748155953,75,26,125,975,1074
min_interval_40,RES0052,RES,0.2512195121951219,0.0176767676767676,93,28,85,820,877
min_interval_40,RES0053,RES,0.187042842215256,0.0281615302869288,143,32,183,1914,2065
min_interval_40,RES0059,RES,0.1982116244411326,0.019652305366591,100,19,147,1342,1470
min_interval_40,RES0062,RES,0.2115583075335397,0.0078003120124804,122,15,273,1938,2196
min_interval_40,RES0071,RES,0.2345679012345679,0.0728269381362568,69,19,216,1296,1493
min_interval_40,RES0074,RES,0.2854799015586546,0.0438016528925619,90,9,249,1219,1459
min_interval_40,RES0083,RES,0.2605561277033985,0.0165562913907284,59,65,129,971,1035
min_interval_40,RES0098,RES,0.1359223300970873,0.0375180375180375,71,56,69,1442,1455
min_interval_40,RES0100,RES,0.1387921022067363,0.0458107293550331,99,63,77,1722,1736
min_interval_40,RES0104,RES,0.1559633027522936,0.0573378839590443,77,61,100,1526,1565
min_interval_40,RES0106,RES,0.1710421638822593,0.0835380835380835,96,36,83,1257,1304
min_interval_40,RES0109,RES,0.1594036697247706,0.0821256038647343,54,44,41,872,869
min_interval_40,RES0118,RES,0.091743119266055,0.0052246603970741,35,24,31,981,988
min_interval_40,RES0123,RES,0.1540216771249287,0.0131578947368421,53,157,60,1753,1656
min_interval_40,RES0127,RES,0.1822660098522167,0.0214132762312633,86,20,153,1421,1554
min_interval_40,RES0132,RES,0.1286843997124371,0.0204390613171839,39,70,70,1391,1391
min_interval_40,RES0134,RES,0.1206203331418724,0.0050697084917617,29,163,18,1741,1596
min_interval_40,RES0143,RES,0.161038961038961,0.0078354554358472,35,134,17,1155,1038
min_interval_40,RES0155,RES,0.1762349799732977,0.0258199581297976,70,65,129,1498,1562
min_interval_40,RES0160,RES,0.1309846431797651,0.0058252427184466,49,77,19,1107,1049
min_interval_40,RES0163,RES,0.1878216123499142,0.0132978723404255,90,38,91,1166,1219
min_interval_40,RES0173,RES,0.1760851760851761,0.0226086956521739,113,71,31,1221,1181
min_interval_40,RES0207,RES,0.1913043478260869,0.0569948186528497,56,33,65,805,837
v2_beam1,CAR0002,CAR,0.1314553990610328,0.1170108161258603,53,48,39,1065,1056
v2_beam1,DER0001,DER,0.1416107382550335,0.0113314447592068,96,78,37,1490,1449
v2_beam1,GAS0007,GAS,0.1455981941309255,0.0195402298850574,62,16,51,886,921
v2_beam1,GEN0001,GEN,0.1075660893345487,0.0124401913875598,44,52,22,1097,1067
v2_beam1,MSK0008,MSK,0.1239436619718309,0.0043923865300146,106,54,16,1420,1382
v2_beam1,MSK0013,MSK,0.1120962634578847,0.0066622251832111,83,78,16,1579,1517
v2_beam1,MSK0017,MSK,0.135,0.0100950118764845,99,116,28,1800,1712
v2_beam1,MSK0025,MSK,0.1023622047244094,0.0110573600552868,63,77,16,1524,1463
v2_beam1,MSK0026,MSK,0.0850591715976331,0.0077339520494972,28,59,28,1352,1321
v2_beam1,MSK0041,MSK,0.1302681992337164,0.0034013605442176,83,96,25,1566,1495
v2_beam1,MSK0046,MSK,0.1309904153354632,0.0204778156996587,66,80,18,1252,1190
v2_beam1,RES0012,RES,0.1532219570405728,0.0375187593796898,136,96,89,2095,2088
v2_beam1,RES0021,RES,0.136724960254372,0.0058922558922558,81,70,21,1258,1209
v2_beam1,RES0025,RES,0.161925601750547,0.0024077046548956,82,125,15,1371,1261
v2_beam1,RES0030,RES,0.112141652613828,0.0129870129870129,77,31,25,1186,1180
v2_beam1,RES0047,RES,0.1750147318797878,0.0046542553191489,92,193,12,1697,1516
v2_beam1,RES0051,RES,0.1435897435897435,0.0064308681672025,65,42,33,975,966
v2_beam1,RES0052,RES,0.1804878048780487,0.0169270833333333,70,52,26,820,794
v2_beam1,RES0053,RES,0.1739811912225705,0.0265392781316348,134,30,169,1914,2053
v2_beam1,RES0059,RES,0.1207153502235469,0.0123456790123456,79,46,37,1342,1333
v2_beam1,RES0062,RES,0.1408668730650154,0.0089567966280295,114,40,119,1938,2017
v2_beam1,RES0071,RES,0.1381172839506173,0.0609462710505212,64,49,66,1296,1313
v2_beam1,RES0074,RES,0.1304347826086956,0.0364098221845893,70,38,51,1219,1232
v2_beam1,RES0083,RES,0.1853759011328527,0.0141176470588235,41,121,18,971,868
v2_beam1,RES0098,RES,0.1269070735090152,0.0329094988780852,59,105,19,1442,1356
v2_beam1,RES0100,RES,0.1155632984901277,0.0421502748930971,74,85,40,1722,1677
v2_beam1,RES0104,RES,0.1258191349934469,0.0476524176594253,63,99,30,1526,1457
v2_beam1,RES0106,RES,0.1503579952267303,0.0822147651006711,82,65,42,1257,1234
v2_beam1,RES0109,RES,0.161697247706422,0.0625782227784731,53,73,15,872,814
v2_beam1,RES0118,RES,0.1264016309887869,0.0068181818181818,20,101,3,981,883
v2_beam1,RES0123,RES,0.1568739304050199,0.0129533678756476,39,209,27,1753,1571
v2_beam1,RES0127,RES,0.1625615763546798,0.0135327635327635,76,17,138,1421,1542
v2_beam1,RES0132,RES,0.1214953271028037,0.0047923322683706,24,139,6,1391,1258
v2_beam1,RES0134,RES,0.1171740379092475,0.0025364616360177,22,164,18,1741,1595
v2_beam1,RES0143,RES,0.1393939393939394,0.0075901328273244,40,101,20,1155,1074
v2_beam1,RES0155,RES,0.1982643524699599,0.0211267605633802,64,220,13,1498,1291
v2_beam1,RES0160,RES,0.1228545618789521,0.000981354268891,35,88,13,1107,1032
v2_beam1,RES0163,RES,0.111492281303602,0.008189262966333,29,67,34,1166,1133
v2_beam1,RES0173,RES,0.1695331695331695,0.0139372822299651,100,73,34,1221,1182
v2_beam1,RES0207,RES,0.1416149068322981,0.0488771466314399,42,48,24,805,781
v2_beam3,CAR0002,CAR,0.1230046948356807,0.1162109375,56,41,34,1065,1058
v2_beam3,DER0001,DER,0.1456375838926174,0.0107758620689655,82,98,37,1490,1429
v2_beam3,GAS0007,GAS,0.1534988713318284,0.0172811059907834,64,18,54,886,922
v2_beam3,GEN0001,GEN,0.1148587055606198,0.0134228187919463,47,54,25,1097,1068
v2_beam3,MSK0008,MSK,0.1274647887323943,0.0036845983787767,107,63,11,1420,1368
v2_beam3,MSK0013,MSK,0.1139962001266624,0.0079946702198534,82,78,20,1579,1521
v2_beam3,MSK0017,MSK,0.1372222222222222,0.0101250744490768,98,121,28,1800,1707
v2_beam3,MSK0025,MSK,0.0984251968503937,0.0116999311768754,64,71,15,1524,1468
v2_beam3,MSK0026,MSK,0.0813609467455621,0.0023273855702094,28,63,19,1352,1308
v2_beam3,MSK0041,MSK,0.1749680715197956,0.0045045045045045,103,12,159,1566,1713
v2_beam3,MSK0046,MSK,0.1445686900958466,0.0198275862068965,70,92,19,1252,1179
v2_beam3,RES0012,RES,0.1494033412887828,0.0398818316100443,134,64,115,2095,2146
v2_beam3,RES0021,RES,0.1375198728139904,0.0033755274261603,79,73,21,1258,1206
v2_beam3,RES0025,RES,0.1706783369803063,0.0024174053182917,88,130,16,1371,1257
v2_beam3,RES0030,RES,0.1129848229342327,0.0103986135181975,75,32,27,1186,1181
v2_beam3,RES0047,RES,0.154979375368297,0.0063979526551503,105,134,24,1697,1587
v2_beam3,RES0051,RES,0.1343589743589743,0.0032154340836012,63,42,26,975,959
v2_beam3,RES0052,RES,0.1841463414634146,0.018348623853211,68,57,26,820,789
v2_beam3,RES0053,RES,0.1792058516196447,0.0255591054313099,129,36,178,1914,2056
v2_beam3,RES0059,RES,0.1214605067064083,0.0139751552795031,76,54,33,1342,1321
v2_beam3,RES0062,RES,0.1284829721362229,0.0064377682403433,105,74,70,1938,1934
v2_beam3,RES0071,RES,0.1558641975308642,0.060702875399361,58,44,100,1296,1352
v2_beam3,RES0074,RES,0.140278917145201,0.0380067567567567,76,35,60,1219,1244
v2_beam3,RES0083,RES,0.1163748712667353,0.0075675675675675,43,46,24,971,949
v2_beam3,RES0098,RES,0.1414701803051317,0.0334757834757834,70,38,96,1442,1500
v2_beam3,RES0100,RES,0.1097560975609756,0.0435045317220543,77,67,45,1722,1700
v2_beam3,RES0104,RES,0.1533420707732634,0.0497646267652992,77,39,118,1526,1605
v2_beam3,RES0106,RES,0.147175815433572,0.080672268907563,71,67,47,1257,1237
v2_beam3,RES0109,RES,0.1215596330275229,0.0634730538922155,53,37,16,872,851
v2_beam3,RES0118,RES,0.1213047910295616,0.0068027210884353,17,99,3,981,885
v2_beam3,RES0123,RES,0.134626354820308,0.01125,57,153,26,1753,1626
v2_beam3,RES0127,RES,0.1653764954257565,0.0163817663817663,79,17,139,1421,1543
v2_beam3,RES0132,RES,0.122214234363767,0.0040064102564102,22,143,5,1391,1253
v2_beam3,RES0134,RES,0.0804135554279149,0.0017942583732057,28,69,43,1741,1715
v2_beam3,RES0143,RES,0.1558441558441558,0.0067502410800385,47,118,15,1155,1052
v2_beam3,RES0155,RES,0.1468624833110814,0.0182456140350877,76,73,71,1498,1496
v2_beam3,RES0160,RES,0.1345980126467931,0.0038910505836575,52,79,18,1107,1046
v2_beam3,RES0163,RES,0.1149228130360205,0.0118505013673655,31,69,34,1166,1131
v2_beam3,RES0173,RES,0.1605241605241605,0.0113438045375218,93,75,28,1221,1174
v2_beam3,RES0207,RES,0.146583850931677,0.0486842105263157,50,45,23,805,783
v2_vad_500,CAR0002,CAR,0.1286384976525821,0.1173570019723865,54,51,32,1065,1046
v2_vad_500,DER0001,DER,0.1275167785234899,0.0127659574468085,80,80,30,1490,1440
v2_vad_500,GAS0007,GAS,0.1038374717832957,0.0139372822299651,42,25,25,886,886
v2_vad_500,GEN0001,GEN,0.113035551504102,0.0133971291866028,45,52,27,1097,1072
v2_vad_500,MSK0008,MSK,0.1253521126760563,0.0044182621502209,103,62,13,1420,1371
v2_vad_500,MSK0013,MSK,0.1184293856871437,0.0086782376502002,86,81,20,1579,1518
v2_vad_500,MSK0017,MSK,0.1327777777777777,0.0100413467217956,106,107,26,1800,1719
v2_vad_500,MSK0025,MSK,0.1056430446194225,0.0117973629424011,64,83,14,1524,1455
v2_vad_500,MSK0026,MSK,0.0835798816568047,0.0015552099533437,27,66,20,1352,1306
v2_vad_500,MSK0041,MSK,0.1334610472541507,0.0034364261168384,80,111,18,1566,1473
v2_vad_500,MSK0046,MSK,0.115814696485623,0.0121951219512195,69,22,54,1252,1284
v2_vad_500,RES0012,RES,0.1436754176610978,0.0404339250493096,137,67,97,2095,2125
v2_vad_500,RES0021,RES,0.1470588235294117,0.0034100596760443,76,85,24,1258,1197
v2_vad_500,RES0025,RES,0.161925601750547,0.0048076923076923,86,123,13,1371,1261
v2_vad_500,RES0030,RES,0.1112984822934232,0.0104529616724738,72,38,22,1186,1170
v2_vad_500,RES0047,RES,0.1479080730701237,0.00828025477707,100,127,24,1697,1594
v2_vad_500,RES0051,RES,0.1374358974358974,0.0064308681672025,65,42,27,975,960
v2_vad_500,RES0052,RES,0.173170731707317,0.0156657963446475,68,54,20,820,786
v2_vad_500,RES0053,RES,0.1687565308254963,0.0266382525306339,129,37,157,1914,2034
v2_vad_500,RES0059,RES,0.1177347242921013,0.0115207373271889,77,40,41,1342,1343
v2_vad_500,RES0062,RES,0.1274509803921568,0.0086021505376344,105,78,64,1938,1924
v2_vad_500,RES0071,RES,0.2191358024691358,0.0614307931570762,66,10,208,1296,1494
v2_vad_500,RES0074,RES,0.1345365053322395,0.0373197625106022,72,40,52,1219,1231
v2_vad_500,RES0083,RES,0.1246138002059732,0.0087241003271537,47,54,20,971,937
v2_vad_500,RES0098,RES,0.1393897364771151,0.034727143869596,70,31,100,1442,1511
v2_vad_500,RES0100,RES,0.1103368176538908,0.0420219244823386,72,80,38,1722,1680
v2_vad_500,RES0104,RES,0.1238532110091743,0.0455820476858345,62,100,27,1526,1453
v2_vad_500,RES0106,RES,0.1352426412092283,0.0826377295492487,73,59,38,1257,1236
v2_vad_500,RES0109,RES,0.2431192660550458,0.0719225449515905,47,149,16,872,739
v2_vad_500,RES0118,RES,0.128440366972477,0.0045662100456621,16,105,5,981,881
v2_vad_500,RES0123,RES,0.1249286936679977,0.0087118855009334,53,146,20,1753,1627
v2_vad_500,RES0127,RES,0.1759324419422941,0.0163468372423596,75,14,161,1421,1568
v2_vad_500,RES0132,RES,0.1186196980589504,0.0031771247021445,27,132,6,1391,1265
v2_vad_500,RES0134,RES,0.0620333141872487,0.0017554125219426,24,32,52,1741,1761
v2_vad_500,RES0143,RES,0.1541125541125541,0.0077821011673151,31,127,20,1155,1048
v2_vad_500,RES0155,RES,0.1628838451268358,0.0200445434298441,75,151,18,1498,1365
v2_vad_500,RES0160,RES,0.1228545618789521,0.0019417475728155,45,77,14,1107,1044
v2_vad_500,RES0163,RES,0.1432246998284734,0.0097517730496453,71,38,58,1166,1186
v2_vad_500,RES0173,RES,0.1588861588861589,0.0122164048865619,92,75,27,1221,1173
v2_vad_500,RES0207,RES,0.1416149068322981,0.0531208499335989,41,52,21,805,774
v2_vad_off,CAR0002,CAR,0.1755868544600939,0.1240310077519379,75,33,79,1065,1111
v2_vad_off,DER0001,DER,0.174496644295302,0.0146842878120411,89,128,43,1490,1405
v2_vad_off,GAS0007,GAS,0.1455981941309255,0.0171821305841924,61,13,55,886,928
v2_vad_off,GEN0001,GEN,0.1103008204193254,0.0133715377268385,46,50,25,1097,1072
v2_vad_off,MSK0008,MSK,0.1239436619718309,0.0051132213294375,107,51,18,1420,1387
v2_vad_off,MSK0013,MSK,0.1190626979100696,0.0093645484949832,82,84,22,1579,1517
v2_vad_off,MSK0017,MSK,0.1255555555555555,0.009367681498829,104,92,30,1800,1738
v2_vad_off,MSK0025,MSK,0.1089238845144357,0.0124913254684247,65,83,18,1524,1459
v2_vad_off,MSK0026,MSK,0.1331360946745562,0.0023059185242121,71,51,58,1352,1359
v2_vad_off,MSK0041,MSK,0.1743295019157088,0.0038585209003215,103,11,159,1566,1714
v2_vad_off,MSK0046,MSK,0.139776357827476,0.016934801016088,77,71,27,1252,1208
v2_vad_off,RES0012,RES,0.147016706443914,0.0352941176470588,130,55,123,2095,2163
v2_vad_off,RES0021,RES,0.1414944356120826,0.0042444821731748,77,80,21,1258,1199
v2_vad_off,RES0025,RES,0.1473377097009482,0.0123934934159566,88,80,34,1371,1325
v2_vad_off,RES0030,RES,0.1146711635750421,0.0121212121212121,76,31,29,1186,1184
v2_vad_off,RES0047,RES,0.1414260459634649,0.0063051702395964,104,111,25,1697,1611
v2_vad_off,RES0051,RES,0.1343589743589743,0.0021344717182497,66,38,27,975,964
v2_vad_off,RES0052,RES,0.1829268292682926,0.0181818181818181,73,50,27,820,797
v2_vad_off,RES0053,RES,0.1823406478578892,0.0240128068303095,131,40,178,1914,2052
v2_vad_off,RES0059,RES,0.1169895678092399,0.0122982321291314,79,41,37,1342,1338
v2_vad_off,RES0062,RES,0.1300309597523219,0.0074786324786324,113,66,73,1938,1945
v2_vad_off,RES0071,RES,0.1172839506172839,0.0579243765084473,51,53,48,1296,1291
v2_vad_off,RES0074,RES,0.1304347826086956,0.0406091370558375,76,37,46,1219,1228
v2_vad_off,RES0083,RES,0.1318228630278063,0.0119565217391304,52,51,25,971,945
v2_vad_off,RES0098,RES,0.1338418862690707,0.0331920903954802,73,26,94,1442,1510
v2_vad_off,RES0100,RES,0.1114982578397212,0.043982895540623,72,85,35,1722,1672
v2_vad_off,RES0104,RES,0.1605504587155963,0.0470430107526881,81,38,126,1526,1614
v2_vad_off,RES0106,RES,0.1630867143993635,0.0777502067824648,83,48,74,1257,1283
v2_vad_off,RES0109,RES,0.1754587155963302,0.0652173913043478,47,90,16,872,798
v2_vad_off,RES0118,RES,0.1223241590214067,0.0111856823266219,29,87,4,981,898
v2_vad_off,RES0123,RES,0.1243582430119794,0.0085261875761266,52,111,55,1753,1697
v2_vad_off,RES0127,RES,0.1745249824067558,0.0149466192170818,73,16,159,1421,1564
v2_vad_off,RES0132,RES,0.1164629762760603,0.0023696682464454,26,125,11,1391,1277
v2_vad_off,RES0134,RES,0.1160252728317059,0.003168567807351,20,163,19,1741,1597
v2_vad_off,RES0143,RES,0.1696969696969697,0.0078201368523949,50,132,14,1155,1037
v2_vad_off,RES0155,RES,0.1408544726301735,0.0187760778859527,79,60,72,1498,1510
v2_vad_off,RES0160,RES,0.1345980126467931,0.0029154518950437,50,78,21,1107,1050
v2_vad_off,RES0163,RES,0.1149228130360205,0.0087873462214411,42,28,64,1166,1202
v2_vad_off,RES0173,RES,0.1425061425061425,0.0111396743787489,98,54,22,1221,1189
v2_vad_off,RES0207,RES,0.15527950310559,0.0514138817480719,50,27,48,805,826
model_turbo,CAR0002,CAR,0.2469483568075117,0.1169811320754717,74,5,184,1065,1244
model_turbo,DER0001,DER,0.1583892617449664,0.0117160578911095,95,39,102,1490,1553
model_turbo,GAS0007,GAS,0.1444695259593679,0.0139860139860139,52,28,48,886,906
model_turbo,GEN0001,GEN,0.1148587055606198,0.0157699443413729,52,19,55,1097,1133
model_turbo,MSK0008,MSK,0.2056338028169014,0.0042735042735042,127,16,149,1420,1553
model_turbo,MSK0013,MSK,0.1728942368587713,0.0057507987220447,106,14,153,1579,1718
model_turbo,MSK0017,MSK,0.1583333333333333,0.0340211935303959,113,7,165,1800,1958
model_turbo,MSK0025,MSK,0.1568241469816273,0.0126666666666666,80,24,135,1524,1635
model_turbo,MSK0026,MSK,0.1826923076923076,0.0022371364653243,93,11,143,1352,1484
model_turbo,MSK0041,MSK,0.185823754789272,0.0038734667527437,110,17,164,1566,1713
model_turbo,MSK0046,MSK,0.1349840255591054,0.0136765888978278,76,9,84,1252,1327
model_turbo,RES0012,RES,0.1570405727923627,0.0419716935090287,143,46,140,2095,2189
model_turbo,RES0021,RES,0.1836248012718601,0.0048154093097913,88,12,131,1258,1377
model_turbo,RES0025,RES,0.1983953318745441,0.0067567567567567,110,39,123,1371,1455
model_turbo,RES0030,RES,0.169477234401349,0.011986301369863,83,18,100,1186,1268
model_turbo,RES0047,RES,0.1579257513258691,0.0443911217756448,109,30,129,1697,1796
model_turbo,RES0051,RES,0.2307692307692307,0.0031185031185031,75,13,137,975,1099
model_turbo,RES0052,RES,0.25,0.0148883374689826,93,14,98,820,904
model_turbo,RES0053,RES,0.2089864158829676,0.0242616033755274,137,18,245,1914,2141
model_turbo,RES0059,RES,0.2198211624441132,0.0120030007501875,103,9,183,1342,1516
model_turbo,RES0062,RES,0.2151702786377708,0.0062434963579604,123,16,278,1938,2200
model_turbo,RES0071,RES,0.2191358024691358,0.065079365079365,64,36,184,1296,1444
model_turbo,RES0074,RES,0.2854799015586546,0.0338563170933113,87,8,253,1219,1464
model_turbo,RES0083,RES,0.2080329557157569,0.0117270788912579,52,33,117,971,1055
model_turbo,RES0098,RES,0.2094313453536754,0.0473867595818815,80,7,215,1442,1650
model_turbo,RES0100,RES,0.1585365853658536,0.0439624853458382,92,16,165,1722,1871
model_turbo,RES0104,RES,0.1625163826998689,0.0488798370672097,86,53,109,1526,1582
model_turbo,RES0106,RES,0.18854415274463,0.0796100731112916,88,26,123,1257,1354
model_turbo,RES0109,RES,0.1720183486238532,0.0951276102088167,55,10,85,872,947
model_turbo,RES0118,RES,0.0744138634046891,0.0041753653444676,33,23,17,981,975
model_turbo,RES0123,RES,0.1146605818596691,0.0125074449076831,53,74,74,1753,1753
model_turbo,RES0127,RES,0.1604503870513722,0.0157142857142857,81,21,126,1421,1526
model_turbo,RES0132,RES,0.0790797987059669,0.0029304029304029,35,26,49,1391,1414
model_turbo,RES0134,RES,0.0953475014359563,0.0023952095808383,28,71,67,1741,1737
model_turbo,RES0143,RES,0.129004329004329,0.0062667860340196,38,38,73,1155,1190
model_turbo,RES0155,RES,0.1748998664886515,0.0203651685393258,87,74,101,1498,1525
model_turbo,RES0160,RES,0.1996386630532972,0.0083102493074792,84,24,113,1107,1196
model_turbo,RES0163,RES,0.1595197255574614,0.0078397212543554,78,18,90,1166,1238
model_turbo,RES0173,RES,0.2063882063882063,0.0142617449664429,101,29,122,1221,1314
model_turbo,RES0207,RES,0.1590062111801242,0.0479274611398963,37,33,58,805,830
merge_gap_200,CAR0002,CAR,0.2375586854460094,0.1185958254269449,70,11,172,1065,1226
merge_gap_200,DER0001,DER,0.1328859060402684,0.00768156424581,87,58,53,1490,1485
merge_gap_200,GAS0007,GAS,0.1444695259593679,0.0151869158878504,52,30,46,886,902
merge_gap_200,GEN0001,GEN,0.1093892433910665,0.0141509433962264,48,37,35,1097,1095
merge_gap_200,MSK0008,MSK,0.2176056338028169,0.0143472022955523,126,26,157,1420,1551
merge_gap_200,MSK0013,MSK,0.1861937935402153,0.0044785668586052,108,16,170,1579,1733
merge_gap_200,MSK0017,MSK,0.1477777777777777,0.0279361459521094,110,46,110,1800,1864
merge_gap_200,MSK0025,MSK,0.1594488188976378,0.0152116402116402,81,12,150,1524,1662
merge_gap_200,MSK0026,MSK,0.1856508875739645,0.0052950075642965,83,30,138,1352,1460
merge_gap_200,MSK0041,MSK,0.1532567049808429,0.0019815059445178,99,52,89,1566,1603
merge_gap_200,MSK0046,MSK,0.1381789137380191,0.0146460537021969,77,23,73,1252,1302
merge_gap_200,RES0012,RES,0.1852028639618138,0.0449826989619377,145,72,171,2095,2194
merge_gap_200,RES0021,RES,0.1899841017488076,0.0049220672682526,86,39,114,1258,1333
merge_gap_200,RES0025,RES,0.1976659372720642,0.0023041474654377,97,69,105,1371,1407
merge_gap_200,RES0030,RES,0.1239460370994941,0.0106100795755968,67,55,25,1186,1156
merge_gap_200,RES0047,RES,0.140247495580436,0.0099688473520249,94,92,52,1697,1657
merge_gap_200,RES0051,RES,0.2461538461538461,0.0199789695057833,77,24,139,975,1090
merge_gap_200,RES0052,RES,0.2439024390243902,0.016270337922403,95,21,84,820,883
merge_gap_200,RES0053,RES,0.199582027168234,0.0297397769516728,146,31,205,1914,2088
merge_gap_200,RES0059,RES,0.2034277198211624,0.0211480362537764,101,18,154,1342,1478
merge_gap_200,RES0062,RES,0.2162022703818369,0.0078003120124804,122,15,282,1938,2205
merge_gap_200,RES0071,RES,0.253858024691358,0.07265625,74,16,239,1296,1519
merge_gap_200,RES0074,RES,0.3256767842493847,0.0444810543657331,93,5,299,1219,1513
merge_gap_200,RES0083,RES,0.2276004119464469,0.010593220338983,54,27,140,971,1084
merge_gap_200,RES0098,RES,0.1366158113730929,0.0337643678160919,69,50,78,1442,1470
merge_gap_200,RES0100,RES,0.1387921022067363,0.041267942583732,92,50,97,1722,1769
merge_gap_200,RES0104,RES,0.1415465268676277,0.0531400966183574,72,77,67,1526,1516
merge_gap_200,RES0106,RES,0.1797931583134447,0.0797396257119609,92,28,106,1257,1335
merge_gap_200,RES0109,RES,0.1720183486238532,0.089049338146811,54,41,55,872,886
merge_gap_200,RES0118,RES,0.09072375127421,0.0052246603970741,35,24,30,981,987
merge_gap_200,RES0123,RES,0.1523103251568739,0.0161390440720049,56,142,69,1753,1680
merge_gap_200,RES0127,RES,0.1829697396199859,0.0170818505338078,78,16,166,1421,1571
merge_gap_200,RES0132,RES,0.111430625449317,0.0029761904761904,49,47,59,1391,1403
merge_gap_200,RES0134,RES,0.1200459506031016,0.0044303797468354,28,161,20,1741,1600
merge_gap_200,RES0143,RES,0.1593073593073593,0.0097087378640776,37,125,22,1155,1052
merge_gap_200,RES0155,RES,0.2122830440587449,0.0354984894259818,107,174,37,1498,1361
merge_gap_200,RES0160,RES,0.1291779584462511,0.0038684719535783,49,73,21,1107,1055
merge_gap_200,RES0163,RES,0.1886792452830188,0.0096745822339489,88,29,103,1166,1240
merge_gap_200,RES0173,RES,0.1687141687141687,0.0154905335628227,111,59,36,1221,1198
merge_gap_200,RES0207,RES,0.1913043478260869,0.055198973042362,56,26,72,805,851
v2_merge150,CAR0002,CAR,0.1746478873239436,0.1268151016456921,74,32,80,1065,1113
v2_merge150,DER0001,DER,0.1322147651006711,0.0106082036775106,82,76,39,1490,1453
v2_merge150,GAS0007,GAS,0.1478555304740406,0.0161290322580645,60,18,53,886,921
v2_merge150,GEN0001,GEN,0.1093892433910665,0.0123927550047664,48,48,24,1097,1073
v2_merge150,MSK0008,MSK,0.1176056338028169,0.0029411764705882,97,60,10,1420,1370
v2_merge150,MSK0013,MSK,0.110196326789107,0.0059721300597213,83,72,19,1579,1526
v2_merge150,MSK0017,MSK,0.1377777777777777,0.0107206670637284,104,121,23,1800,1702
v2_merge150,MSK0025,MSK,0.1010498687664042,0.0117241379310344,66,74,14,1524,1464
v2_merge150,MSK0026,MSK,0.0784023668639053,0.0038669760247486,29,59,18,1352,1311
v2_merge150,MSK0041,MSK,0.1787994891443167,0.0045278137128072,101,20,159,1566,1705
v2_merge150,MSK0046,MSK,0.1317891373801916,0.0160472972972972,75,68,22,1252,1206
v2_merge150,RES0012,RES,0.147016706443914,0.0376984126984126,130,79,99,2095,2115
v2_merge150,RES0021,RES,0.1391096979332273,0.0042265426880811,79,75,21,1258,1204
v2_merge150,RES0025,RES,0.1648431801604668,0.0087301587301587,86,111,29,1371,1289
v2_merge150,RES0030,RES,0.1146711635750421,0.0104257167680278,74,35,27,1186,1178
v2_merge150,RES0047,RES,0.1526222746022392,0.0057434588385449,106,130,23,1697,1590
v2_merge150,RES0051,RES,0.1343589743589743,0.0032154340836012,63,42,26,975,959
v2_merge150,RES0052,RES,0.1804878048780487,0.0182291666666666,70,52,26,820,794
v2_merge150,RES0053,RES,0.1739811912225705,0.0255863539445629,130,38,165,1914,2041
v2_merge150,RES0059,RES,0.1192250372578241,0.0131375579598145,74,48,38,1342,1332
v2_merge150,RES0062,RES,0.1279669762641898,0.0069742489270386,104,74,70,1938,1934
v2_merge150,RES0071,RES,0.1280864197530864,0.0586345381526104,61,51,54,1296,1299
v2_merge150,RES0074,RES,0.1246923707957342,0.0381355932203389,67,39,46,1219,1226
v2_merge150,RES0083,RES,0.121524201853759,0.0076169749727965,44,52,22,971,941
v2_merge150,RES0098,RES,0.1338418862690707,0.0331920903954802,73,26,94,1442,1510
v2_merge150,RES0100,RES,0.1335656213704994,0.0411985018726591,75,120,35,1722,1637
v2_merge150,RES0104,RES,0.1612057667103538,0.0483221476510067,81,36,129,1526,1619
v2_merge150,RES0106,RES,0.1431980906921241,0.0795644891122278,73,63,44,1257,1238
v2_merge150,RES0109,RES,0.1571100917431192,0.0670037926675094,42,81,14,872,805
v2_merge150,RES0118,RES,0.1233435270132517,0.0068104426787741,18,100,3,981,884
v2_merge150,RES0123,RES,0.1563034797490017,0.0102893890675241,51,198,25,1753,1580
v2_merge150,RES0127,RES,0.1695988740323715,0.0156806842480399,77,18,146,1421,1549
v2_merge150,RES0132,RES,0.1308411214953271,0.0024232633279483,24,153,5,1391,1243
v2_merge150,RES0134,RES,0.1165996553704767,0.0025300442757748,23,160,20,1741,1601
v2_merge150,RES0143,RES,0.1774891774891775,0.0090452261306532,35,160,10,1155,1005
v2_merge150,RES0155,RES,0.1428571428571428,0.0189606741573033,75,74,65,1498,1489
v2_merge150,RES0160,RES,0.1282746160794941,0.0038797284190106,49,76,17,1107,1048
v2_merge150,RES0163,RES,0.1106346483704974,0.0090826521344232,28,65,36,1166,1137
v2_merge150,RES0173,RES,0.1556101556101556,0.011314186248912,92,72,26,1221,1175
v2_merge150,RES0207,RES,0.1403726708074534,0.0489417989417989,46,49,18,805,774
tpe_trial32,CAR0002,CAR,0.1342723004694835,0.1082926829268292,59,40,44,1065,1069
tpe_trial32,DER0001,DER,0.1255033557046979,0.0112438510189739,84,67,36,1490,1459
tpe_trial32,GAS0007,GAS,0.1478555304740406,0.0149082568807339,62,14,55,886,927
tpe_trial32,GEN0001,GEN,0.1084776663628076,0.0143129770992366,45,49,25,1097,1073
tpe_trial32,MSK0008,MSK,0.1204225352112676,0.0029239766081871,103,52,16,1420,1384
tpe_trial32,MSK0013,MSK,0.0823305889803673,0.0073284477015323,36,78,16,1579,1517
tpe_trial32,MSK0017,MSK,0.1438888888888889,0.0090689238210399,98,146,15,1800,1669
tpe_trial32,MSK0025,MSK,0.1049868766404199,0.0110803324099723,64,80,16,1524,1460
tpe_trial32,MSK0026,MSK,0.1109467455621301,0.0054559625876851,63,69,18,1352,1301
tpe_trial32,MSK0041,MSK,0.1602809706257982,0.0039087947882736,99,31,121,1566,1656
tpe_trial32,MSK0046,MSK,0.1309904153354632,0.0135021097046413,72,67,25,1252,1210
tpe_trial32,RES0012,RES,0.1417661097852028,0.0390243902439024,129,45,123,2095,2173
tpe_trial32,RES0021,RES,0.1740858505564388,0.003228410008071,90,19,110,1258,1349
tpe_trial32,RES0025,RES,0.1611962071480671,0.0110062893081761,95,99,27,1371,1299
tpe_trial32,RES0030,RES,0.112141652613828,0.0138528138528138,72,31,30,1186,1185
tpe_trial32,RES0047,RES,0.1113730111962286,0.0055012224938875,91,61,37,1697,1673
tpe_trial32,RES0051,RES,0.1323076923076923,0.0042735042735042,64,39,26,975,962
tpe_trial32,RES0052,RES,0.1768292682926829,0.0169712793733681,67,54,24,820,790
tpe_trial32,RES0053,RES,0.1776384535005224,0.0250533049040511,126,38,176,1914,2052
tpe_trial32,RES0059,RES,0.1214605067064083,0.0116279069767441,78,52,33,1342,1323
tpe_trial32,RES0062,RES,0.132094943240454,0.0096102509343299,114,65,77,1938,1950
tpe_trial32,RES0071,RES,0.1226851851851851,0.0637450199203187,59,41,59,1296,1314
tpe_trial32,RES0074,RES,0.1238720262510254,0.0386879730866274,76,30,45,1219,1234
tpe_trial32,RES0083,RES,0.1287332646755921,0.0075839653304442,54,48,23,971,946
tpe_trial32,RES0098,RES,0.1352288488210818,0.0354609929078014,68,32,95,1442,1505
tpe_trial32,RES0104,RES,0.127129750982962,0.0461861441567529,67,97,30,1526,1459
tpe_trial32,RES0106,RES,0.1384248210023866,0.0769230769230769,67,61,46,1257,1242
tpe_trial32,RES0109,RES,0.1525229357798165,0.0663329161451814,45,73,15,872,814
tpe_trial32,RES0118,RES,0.1365953109072375,0.0045924225028702,20,110,4,981,875
tpe_trial32,RES0123,RES,0.1129492298916143,0.0096211665664461,51,90,57,1753,1720
tpe_trial32,RES0127,RES,0.1688951442646024,0.0142247510668563,75,15,150,1421,1556
tpe_trial32,RES0132,RES,0.1193386053199137,0.0047468354430379,31,127,8,1391,1272
tpe_trial32,RES0134,RES,0.1200459506031016,0.003814367450731,23,168,18,1741,1591
tpe_trial32,RES0143,RES,0.1593073593073593,0.0068829891838741,34,138,12,1155,1029
tpe_trial32,RES0155,RES,0.1748998664886515,0.0195930670685757,71,171,20,1498,1347
tpe_trial32,RES0160,RES,0.1084010840108401,0.0029013539651837,30,73,17,1107,1051
tpe_trial32,RES0163,RES,0.1286449399656946,0.0105726872246696,50,31,69,1166,1204
tpe_trial32,RES0173,RES,0.1482391482391482,0.010371650821089,95,64,22,1221,1179
tpe_trial32,RES0207,RES,0.146583850931677,0.0483660130718954,52,40,26,805,791
tpe_trial35,CAR0002,CAR,0.1624413145539906,0.1311004784688995,61,20,92,1065,1137
tpe_trial35,DER0001,DER,0.1570469798657718,0.0352209944751381,90,42,102,1490,1550
tpe_trial35,GAS0007,GAS,0.1478555304740406,0.0256410256410256,50,28,53,886,911
tpe_trial35,GEN0001,GEN,0.1276207839562443,0.0435992578849721,47,19,74,1097,1152
tpe_trial35,MSK0008,MSK,0.1809859154929577,0.0431344356578001,116,29,112,1420,1503
tpe_trial35,MSK0013,MSK,0.1716276124129195,0.0439276485788113,101,31,139,1579,1687
tpe_trial35,MSK0017,MSK,0.1488888888888888,0.0287221570926143,104,94,70,1800,1776
tpe_trial35,MSK0025,MSK,0.1384514435695538,0.0485695276114437,82,21,108,1524,1611
tpe_trial35,MSK0026,MSK,0.143491124260355,0.0212765957446808,79,36,79,1352,1395
tpe_trial35,MSK0041,MSK,0.1481481481481481,0.0221787345075016,96,33,103,1566,1636
tpe_trial35,MSK0046,MSK,0.1533546325878594,0.0412457912457912,75,64,53,1252,1241
tpe_trial35,RES0012,RES,0.1799522673031026,0.0505701536936043,134,78,165,2095,2182
tpe_trial35,RES0021,RES,0.1732909379968203,0.0290215588723051,83,52,83,1258,1289
tpe_trial35,RES0025,RES,0.1852662290299051,0.0302800908402725,103,50,101,1371,1422
tpe_trial35,RES0030,RES,0.1517706576728499,0.0371009490940465,70,27,83,1186,1242
tpe_trial35,RES0047,RES,0.1467295226870948,0.0310322989233692,89,118,42,1697,1621
tpe_trial35,RES0051,RES,0.1723076923076923,0.0179514255543822,65,28,75,975,1022
tpe_trial35,RES0052,RES,0.2048780487804878,0.0406091370558375,85,32,51,820,839
tpe_trial35,RES0053,RES,0.2204806687565308,0.0420884389984017,135,37,250,1914,2127
tpe_trial35,RES0059,RES,0.15424739195231,0.0334855403348554,93,28,86,1342,1400
tpe_trial35,RES0062,RES,0.1733746130030959,0.0168776371308016,115,42,179,1938,2075
tpe_trial35,RES0071,RES,0.1473765432098765,0.0697858842188739,56,35,100,1296,1361
tpe_trial35,RES0074,RES,0.2239540607054963,0.0482529118136439,75,17,181,1219,1383
tpe_trial35,RES0083,RES,0.1750772399588053,0.0223404255319148,52,31,87,971,1027
tpe_trial35,RES0098,RES,0.1373092926490984,0.0490056818181818,67,34,97,1442,1505
tpe_trial35,RES0100,RES,0.1364692218350754,0.0570749108204518,83,40,112,1722,1794
tpe_trial35,RES0104,RES,0.1618610747051114,0.0604810996563573,67,71,109,1526,1564
tpe_trial35,RES0106,RES,0.1551312649164677,0.0804311774461028,81,51,63,1257,1269
tpe_trial35,RES0109,RES,0.1651376146788991,0.0776818742293464,51,61,32,872,843
tpe_trial35,RES0118,RES,0.1039755351681957,0.0175246440306681,25,68,9,981,922
tpe_trial35,RES0123,RES,0.1317741015402167,0.0273122284295468,36,142,53,1753,1664
tpe_trial35,RES0127,RES,0.1597466572836031,0.0311820159535895,75,42,110,1421,1489
tpe_trial35,RES0132,RES,0.1020848310567936,0.0244648318042813,25,83,34,1391,1342
tpe_trial35,RES0134,RES,0.0941987363584147,0.0399274047186932,26,88,50,1741,1703
tpe_trial35,RES0143,RES,0.1584415584415584,0.0197554092191909,51,92,40,1155,1103
tpe_trial35,RES0155,RES,0.1588785046728972,0.0368532955350815,82,87,69,1498,1480
tpe_trial35,RES0160,RES,0.1499548328816621,0.0182166826462128,61,64,41,1107,1084
tpe_trial35,RES0163,RES,0.1500857632933104,0.0232766338406445,65,49,61,1166,1178
tpe_trial35,RES0173,RES,0.1793611793611793,0.0338983050847457,92,41,86,1221,1266
tpe_trial35,RES0207,RES,0.1677018633540372,0.0609597924773022,52,34,49,805,820
canary,CAR0002,CAR,0.16619718309859155,0.11008230452674897,66,93,18,1065,990
canary,DER0001,DER,0.1906040268456376,0.0051928783382789315,97,142,45,1490,1393
canary,GAS0007,GAS,0.17720090293453725,0.011235955056179775,48,85,24,886,825
canary,GEN0001,GEN,0.16955332725615316,0.012295081967213115,48,121,17,1097,993
canary,MSK0008,MSK,0.2352112676056338,0.01201716738197425,72,255,7,1420,1172
canary,MSK0013,MSK,0.16972767574414185,0.005547850208044383,104,137,27,1579,1469
canary,MSK0017,MSK,0.21888888888888888,0.006514657980456026,112,265,17,1800,1552
canary,MSK0025,MSK,0.17979002624671916,0.015209125475285171,60,209,5,1524,1320
canary,MSK0026,MSK,0.21153846153846154,0.009649122807017544,62,212,12,1352,1152
canary,MSK0041,MSK,0.19859514687100893,0.011160714285714286,77,222,12,1566,1356
canary,MSK0046,MSK,0.1869009584664537,0.01948051948051948,50,174,10,1252,1088
canary,RES0012,RES,0.2109785202863962,0.047619047619047616,121,268,53,2095,1880
canary,RES0021,RES,0.22813990461049286,0.0107421875,41,234,12,1258,1036
canary,RES0025,RES,0.2188183807439825,0.005050505050505051,101,183,16,1371,1204
canary,RES0030,RES,0.1433389544688027,0.012681159420289856,66,82,22,1186,1126
canary,RES0047,RES,0.23217442545668826,0.01444043321299639,74,312,8,1697,1393
canary,RES0051,RES,0.1753846153846154,0.004419889502762431,66,70,35,975,940
canary,RES0052,RES,0.2890243902439024,0.0183206106870229,54,165,18,820,673
canary,RES0053,RES,0.22466039707419017,0.04027617951668585,155,176,99,1914,1837
canary,RES0059,RES,0.20938897168405365,0.018867924528301886,69,176,36,1342,1202
canary,RES0062,RES,0.20743034055727555,0.017210682492581602,100,253,49,1938,1734
canary,RES0071,RES,0.18055555555555555,0.07547169811320754,70,130,34,1296,1200
canary,RES0074,RES,0.17309269893355209,0.0389948006932409,93,65,53,1219,1207
canary,RES0083,RES,0.19979402677651906,0.00589622641509434,49,123,22,971,870
canary,RES0098,RES,0.16574202496532595,0.0351288056206089,67,161,11,1442,1292
canary,RES0100,RES,0.17479674796747968,0.0436241610738255,62,232,7,1722,1497
canary,RES0104,RES,0.17496723460026212,0.045420699925539834,67,183,17,1526,1360
canary,RES0106,RES,0.17024661893396978,0.07692307692307693,84,113,17,1257,1161
canary,RES0109,RES,0.21788990825688073,0.06703146374829001,45,141,4,872,735
canary,RES0118,RES,0.19164118246687054,0.0036319612590799033,30,155,3,981,829
canary,RES0123,RES,0.1939532230462065,0.02552048354600403,58,264,18,1753,1507
canary,RES0127,RES,0.17593244194229415,0.017713365539452495,50,179,21,1421,1263
canary,RES0132,RES,0.1746944644140906,0.0025,47,191,5,1391,1205
canary,RES0134,RES,0.16542217116599656,0.00991407799074686,38,228,22,1741,1535
canary,RES0143,RES,0.1670995670995671,0.004921259842519685,43,139,11,1155,1027
canary,RES0155,RES,0.22897196261682243,0.024429967426710098,62,270,11,1498,1239
canary,RES0160,RES,0.1996386630532972,0.006355932203389831,46,163,12,1107,956
canary,RES0163,RES,0.20497427101200685,0.019289340101522844,44,181,14,1166,999
canary,RES0173,RES,0.19492219492219492,0.01699463327370304,112,103,23,1221,1141
canary,RES0207,RES,0.21366459627329193,0.05346820809248555,47,113,12,805,704
